0,Mannen
1,Vrouwen
2,Volwassenen
1,Vrouwen
0,Mannen
2,Volwassenen
0,Mannen
1,Vrouwen
2,Volwassenen
9,Kantoor
2,Volwassenen
1,Vrouwen
9,Kantoor
2,Volwassenen
2,Volwassenen
2,Volwassenen
2,Volwassenen
2,Volwassenen
2,Volwassenen
9,Kantoor
2,Volwassenen
2,Volwassenen
2,Volwassenen
2,Volwassenen
2,Volwassenen
2,Volwassenen
2,Volwassenen
2,Volwassenen
2,Volwassenen
2,Volwassenen
2,Volwassenen
2,Volwassenen
1,Vrouwen
1,Vrouwen
1,Vrouwen
1,Vrouwen
0,Mannen
0,Mannen
1,Vrouwen
2,Volwassenen
1,Vrouwen
0,Mannen
1,Vrouwen
2,Volwassenen
2,Volwassenen
2,Volwassenen
9,Kantoor
1,Vrouwen
2,Volwassenen
1,Vrouwen
1,Vrouwen
1,Vrouwen
2,Volwassenen
1,Vrouwen
1,Vrouwen
1,Vrouwen
1,Vrouwen
0,Mannen
1,Vrouwen
1,Vrouwen
1,Vrouwen
1,Vrouwen
1,Vrouwen
1,Vrouwen
1,Vrouwen
1,Vrouwen
1,Vrouwen
0,Mannen
1,Vrouwen
1,Vrouwen
1,Vrouwen
1,Vrouwen
2,Volwassenen
1,Vrouwen
1,Vrouwen
0,Mannen
1,Vrouwen
0,Mannen
1,Vrouwen
2,Volwassenen
2,Volwassenen
2,Volwassenen
1,Vrouwen
2,Volwassenen
2,Volwassenen
2,Volwassenen
2,Volwassenen
2,Volwassenen
2,Volwassenen
2,Volwassenen
2,Volwassenen
2,Volwassenen
1,Vrouwen
2,Volwassenen
1,Vrouwen
95,Kinderen
1,Vrouwen
9,Kantoor
2,Volwassenen
2,Volwassenen
2,Volwassenen
2,Volwassenen
2,Volwassenen
9,Kantoor
9,Kantoor
2,Volwassenen
1,Vrouwen
1,Vrouwen
2,Volwassenen
2,Volwassenen
95,Kinderen
2,Volwassenen
2,Volwassenen
1,Vrouwen
95,Kinderen
1,Vrouwen
1,Vrouwen
1,Vrouwen
1,Vrouwen
0,Mannen
1,Vrouwen
2,Volwassenen
2,Volwassenen
2,Volwassenen
1,Vrouwen
1,Vrouwen
2,Volwassenen
1,Vrouwen
1,Vrouwen
2,Volwassenen
0,Mannen
0,Mannen
2,Volwassenen
0,Mannen
1,Vrouwen
2,Volwassenen
1,Vrouwen
1,Vrouwen
1,Vrouwen
1,Vrouwen
1,Vrouwen
1,Vrouwen
0,Mannen
1,Vrouwen
0,Mannen
1,Vrouwen
2,Volwassenen
1,Vrouwen
1,Vrouwen
1,Vrouwen
2,Volwassenen
1,Vrouwen
1,Vrouwen
2,Volwassenen
2,Volwassenen
2,Volwassenen
2,Volwassenen
2,Volwassenen
1,Vrouwen
1,Vrouwen
0,Mannen
1,Vrouwen
1,Vrouwen
1,Vrouwen
0,Mannen
1,Vrouwen
1,Vrouwen
1,Vrouwen
0,Mannen
1,Vrouwen
1,Vrouwen
2,Volwassenen
95,Kinderen
2,Volwassenen
1,Vrouwen
1,Vrouwen
1,Vrouwen
0,Mannen
1,Vrouwen
0,Mannen
0,Mannen
1,Vrouwen
1,Vrouwen
2,Volwassenen
0,Mannen
0,Mannen
2,Volwassenen
2,Volwassenen
2,Volwassenen
9,Kantoor
0,Mannen
0,Mannen
2,Volwassenen
2,Volwassenen
1,Vrouwen
2,Volwassenen
2,Volwassenen
2,Volwassenen
1,Vrouwen
1,Vrouwen
1,Vrouwen
1,Vrouwen
0,Mannen
1,Vrouwen
2,Volwassenen
1,Vrouwen
1,Vrouwen
2,Volwassenen
1,Vrouwen
0,Mannen
95,Kinderen
2,Volwassenen
1,Vrouwen
1,Vrouwen
9,Kantoor
0,Mannen
1,Vrouwen
0,Mannen
2,Volwassenen
0,Mannen
1,Vrouwen
2,Volwassenen
0,Mannen
1,Vrouwen
1,Vrouwen
2,Volwassenen
2,Volwassenen
0,Mannen
1,Vrouwen
1,Vrouwen
0,Mannen
1,Vrouwen
1,Vrouwen
2,Volwassenen
9,Kantoor
235,Baby's
9,Kantoor
2,Volwassenen
0,Mannen
2,Volwassenen
2,Volwassenen
0,Mannen
2,Volwassenen
1,Vrouwen
0,Mannen
1,Vrouwen
1,Vrouwen
2,Volwassenen
1,Vrouwen
1,Vrouwen
1,Vrouwen
1,Vrouwen
1,Vrouwen
95,Kinderen
1,Vrouwen
2,Volwassenen
2,Volwassenen
1,Vrouwen
1,Vrouwen
1,Vrouwen
1,Vrouwen
0,Mannen
2,Volwassenen
2,Volwassenen
2,Volwassenen
1,Vrouwen
1,Vrouwen
1,Vrouwen
1,Vrouwen
1,Vrouwen
1,Vrouwen
0,Mannen
1,Vrouwen
1,Vrouwen
1,Vrouwen
2,Volwassenen
95,Kinderen
0,Mannen
0,Mannen
1,Vrouwen
1,Vrouwen
95,Kinderen
0,Mannen
2,Volwassenen
2,Volwassenen
1,Vrouwen
1,Vrouwen
2,Volwassenen
1,Vrouwen
1,Vrouwen
1,Vrouwen
9,Kantoor
0,Mannen
2,Volwassenen
235,Baby's
295,Meisje
2,Volwassenen
1,Vrouwen
1,Vrouwen
1,Vrouwen
95,Kinderen
0,Mannen
1,Vrouwen
2,Volwassenen
2,Volwassenen
1,Vrouwen
2,Volwassenen
2,Volwassenen
0,Mannen
1,Vrouwen
0,Mannen
9,Kantoor
1,Vrouwen
1,Vrouwen
2,Volwassenen
2,Volwassenen
2,Volwassenen
2,Volwassenen
0,Mannen
1,Vrouwen
1,Vrouwen
2,Volwassenen
1,Vrouwen
9,Kantoor
2,Volwassenen
2,Volwassenen
1,Vrouwen
1,Vrouwen
0,Mannen
1,Vrouwen
0,Mannen
2,Volwassenen
1,Vrouwen
1,Vrouwen
9,Kantoor
2,Volwassenen
95,Kinderen
2,Volwassenen
0,Mannen
1,Vrouwen
1,Vrouwen
1,Vrouwen
1,Vrouwen
2,Volwassenen
1,Vrouwen
235,Baby's
2,Volwassenen
2,Volwassenen
2,Volwassenen
1,Vrouwen
2,Volwassenen
2,Volwassenen
1,Vrouwen
1,Vrouwen
9,Kantoor
235,Baby's
2,Volwassenen
1,Vrouwen
2,Volwassenen
0,Mannen
9,Kantoor
9,Kantoor
1,Vrouwen
1,Vrouwen
2,Volwassenen
2,Volwassenen
1,Vrouwen
0,Mannen
0,Mannen
0,Mannen
1,Vrouwen
9,Kantoor
1,Vrouwen
2,Volwassenen
9,Kantoor
0,Mannen
1,Vrouwen
0,Mannen
1,Vrouwen
2,Volwassenen
2,Volwassenen
1,Vrouwen
1,Vrouwen
2,Volwassenen
2,Volwassenen
1,Vrouwen
2,Volwassenen
1,Vrouwen
2,Volwassenen
1,Vrouwen
1,Vrouwen
1,Vrouwen
0,Mannen
1,Vrouwen
1,Vrouwen
1,Vrouwen
1,Vrouwen
1,Vrouwen
1,Vrouwen
95,Kinderen
2,Volwassenen
2,Volwassenen
1,Vrouwen
2,Volwassenen
1,Vrouwen
1,Vrouwen
95,Kinderen
2,Volwassenen
2,Volwassenen
1,Vrouwen
2,Volwassenen
1,Vrouwen
0,Mannen
2,Volwassenen
1,Vrouwen
1,Vrouwen
1,Vrouwen
0,Mannen
2,Volwassenen
0,Mannen
1,Vrouwen
2,Volwassenen
1,Vrouwen
1,Vrouwen
1,Vrouwen
1,Vrouwen
1,Vrouwen
1,Vrouwen
1,Vrouwen
1,Vrouwen
235,Baby's
2,Volwassenen
2,Volwassenen
0,Mannen
9,Kantoor
9,Kantoor
2,Volwassenen
2,Volwassenen
2,Volwassenen
2,Volwassenen
2,Volwassenen
1,Vrouwen
2,Volwassenen
1,Vrouwen
1,Vrouwen
2,Volwassenen
2,Volwassenen
1,Vrouwen
1,Vrouwen
1,Vrouwen
1,Vrouwen
1,Vrouwen
1,Vrouwen
2,Volwassenen
1,Vrouwen
1,Vrouwen
0,Mannen
1,Vrouwen
0,Mannen
1,Vrouwen
1,Vrouwen
1,Vrouwen
2,Volwassenen
1,Vrouwen
0,Mannen
0,Mannen
2,Volwassenen
0,Mannen
2,Volwassenen
0,Mannen
1,Vrouwen
2,Volwassenen
1,Vrouwen
2,Volwassenen
1,Vrouwen
2,Volwassenen
2,Volwassenen
2,Volwassenen
1,Vrouwen
1,Vrouwen
0,Mannen
1,Vrouwen
2,Volwassenen
95,Kinderen
235,Baby's
1,Vrouwen
1,Vrouwen
9,Kantoor
2,Volwassenen
95,Kinderen
1,Vrouwen
1,Vrouwen
95,Kinderen
1,Vrouwen
9,Kantoor
1,Vrouwen
2,Volwassenen
1,Vrouwen
1,Vrouwen
1,Vrouwen
1,Vrouwen
1,Vrouwen
95,Kinderen
0,Mannen
2,Volwassenen
1,Vrouwen
1,Vrouwen
2,Volwassenen
1,Vrouwen
0,Mannen
0,Mannen
1,Vrouwen
95,Kinderen
9,Kantoor
2,Volwassenen
2,Volwassenen
1,Vrouwen
517,
517,
517,
95,Kinderen
517,
0,Mannen
517,
0,Mannen
517,
517,
0,Mannen
517,
517,
0,Mannen
517,
0,Mannen
517,
517,
0,Mannen
235,Baby's
517,
517,
95,Kinderen
235,Baby's
1,Vrouwen
95,Kinderen
95,Kinderen
517,
95,Kinderen
95,Kinderen
0,Mannen
95,Kinderen
95,Kinderen
517,
517,
517,
95,Kinderen
235,Baby's
235,Baby's
95,Kinderen
95,Kinderen
235,Baby's
95,Kinderen
235,Baby's
235,Baby's
235,Baby's
95,Kinderen
517,
235,Baby's
95,Kinderen
95,Kinderen
235,Baby's
95,Kinderen
235,Baby's
95,Kinderen
235,Baby's
235,Baby's
235,Baby's
235,Baby's
235,Baby's
235,Baby's
235,Baby's
235,Baby's
235,Baby's
235,Baby's
235,Baby's
517,
235,Baby's
235,Baby's
235,Baby's
235,Baby's
517,
95,Kinderen
517,
517,
2,Volwassenen
517,
1,Vrouwen
517,
517,
1,Vrouwen
95,Kinderen
2,Volwassenen
2,Volwassenen
517,
517,
2,Volwassenen
517,
1,Vrouwen
1,Vrouwen
517,
1,Vrouwen
517,
2,Volwassenen
517,
95,Kinderen
517,
1,Vrouwen
517,
1,Vrouwen
1,Vrouwen
517,
517,
2,Volwassenen
517,
517,
2,Volwassenen
517,
2,Volwassenen
517,
517,
517,
1,Vrouwen
1,Vrouwen
2,Volwassenen
517,
517,
517,
517,
517,
1,Vrouwen
2,Volwassenen
517,
517,
517,
517,
517,
0,Mannen
0,Mannen
517,
2,Volwassenen
1,Vrouwen
0,Mannen
0,Mannen
0,Mannen
0,Mannen
0,Mannen
0,Mannen
0,Mannen
517,
517,
1,Vrouwen
1,Vrouwen
1,Vrouwen
1,Vrouwen
0,Mannen
517,
1,Vrouwen
0,Mannen
1,Vrouwen
517,
1,Vrouwen
517,
1,Vrouwen
517,
1,Vrouwen
1,Vrouwen
1,Vrouwen
1,Vrouwen
95,Kinderen
1,Vrouwen
517,
517,
517,
517,
517,
517,
0,Mannen
1,Vrouwen
0,Mannen
1,Vrouwen
1,Vrouwen
1,Vrouwen
517,
1,Vrouwen
1,Vrouwen
0,Mannen
0,Mannen
0,Mannen
1,Vrouwen
0,Mannen
0,Mannen
1,Vrouwen
517,
95,Kinderen
517,
1,Vrouwen
1,Vrouwen
1,Vrouwen
95,Kinderen
517,
517,
517,
2,Volwassenen
2,Volwassenen
517,
517,
517,
2,Volwassenen
2,Volwassenen
517,
517,
517,
517,
2,Volwassenen
2,Volwassenen
2,Volwassenen
517,
2,Volwassenen
2,Volwassenen
2,Volwassenen
2,Volwassenen
517,
2,Volwassenen
2,Volwassenen
2,Volwassenen
2,Volwassenen
517,
2,Volwassenen
2,Volwassenen
2,Volwassenen
2,Volwassenen
2,Volwassenen
2,Volwassenen
2,Volwassenen
2,Volwassenen
2,Volwassenen
2,Volwassenen
2,Volwassenen
2,Volwassenen
517,
0,Mannen
2,Volwassenen
1,Vrouwen
517,
0,Mannen
2,Volwassenen
517,
0,Mannen
517,
2,Volwassenen
0,Mannen
0,Mannen
1,Vrouwen
0,Mannen
0,Mannen
0,Mannen
2,Volwassenen
95,Kinderen
517,
517,
517,
95,Kinderen
95,Kinderen
1,Vrouwen
517,
0,Mannen
0,Mannen
0,Mannen
0,Mannen
517,
0,Mannen
517,
0,Mannen
517,
0,Mannen
517,
517,
0,Mannen
517,
95,Kinderen
1,Vrouwen
1,Vrouwen
517,
0,Mannen
517,
517,
517,
0,Mannen
517,
517,
2,Volwassenen
517,
517,
95,Kinderen
517,
95,Kinderen
95,Kinderen
95,Kinderen
95,Kinderen
95,Kinderen
517,
517,
517,
95,Kinderen
517,
517,
95,Kinderen
517,
2,Volwassenen
2,Volwassenen
517,
517,
1,Vrouwen
517,
517,
517,
1,Vrouwen
517,
1,Vrouwen
517,
1,Vrouwen
1,Vrouwen
517,
1,Vrouwen
1,Vrouwen
1,Vrouwen
517,
1,Vrouwen
1,Vrouwen
517,
1,Vrouwen
517,
517,
517,
1,Vrouwen
1,Vrouwen
1,Vrouwen
517,
517,
517,
1,Vrouwen
1,Vrouwen
1,Vrouwen
1,Vrouwen
1,Vrouwen
1,Vrouwen
0,Mannen
1,Vrouwen
0,Mannen
1,Vrouwen
1,Vrouwen
0,Mannen
1,Vrouwen
1,Vrouwen
1,Vrouwen
0,Mannen
0,Mannen
1,Vrouwen
0,Mannen
0,Mannen
1,Vrouwen
0,Mannen
517,
1,Vrouwen
1,Vrouwen
1,Vrouwen
0,Mannen
1,Vrouwen
0,Mannen
0,Mannen
0,Mannen
1,Vrouwen
1,Vrouwen
1,Vrouwen
1,Vrouwen
1,Vrouwen
1,Vrouwen
517,
517,
1,Vrouwen
1,Vrouwen
1,Vrouwen
0,Mannen
0,Mannen
1,Vrouwen
0,Mannen
0,Mannen
1,Vrouwen
1,Vrouwen
0,Mannen
0,Mannen
0,Mannen
1,Vrouwen
0,Mannen
1,Vrouwen
0,Mannen
0,Mannen
0,Mannen
0,Mannen
0,Mannen
1,Vrouwen
0,Mannen
517,
1,Vrouwen
1,Vrouwen
1,Vrouwen
0,Mannen
2,Volwassenen
2,Volwassenen
0,Mannen
1,Vrouwen
2,Volwassenen
2,Volwassenen
2,Volwassenen
2,Volwassenen
2,Volwassenen
2,Volwassenen
2,Volwassenen
2,Volwassenen
0,Mannen
0,Mannen
0,Mannen
1,Vrouwen
0,Mannen
2,Volwassenen
0,Mannen
1,Vrouwen
0,Mannen
0,Mannen
1,Vrouwen
0,Mannen
0,Mannen
1,Vrouwen
0,Mannen
0,Mannen
0,Mannen
0,Mannen
0,Mannen
1,Vrouwen
1,Vrouwen
1,Vrouwen
0,Mannen
1,Vrouwen
2,Volwassenen
1,Vrouwen
2,Volwassenen
1,Vrouwen
1,Vrouwen
1,Vrouwen
2,Volwassenen
0,Mannen
2,Volwassenen
1,Vrouwen
1,Vrouwen
1,Vrouwen
2,Volwassenen
2,Volwassenen
2,Volwassenen
2,Volwassenen
1,Vrouwen
0,Mannen
2,Volwassenen
0,Mannen
1,Vrouwen
1,Vrouwen
1,Vrouwen
1,Vrouwen
2,Volwassenen
1,Vrouwen
0,Mannen
0,Mannen
0,Mannen
0,Mannen
0,Mannen
295,Meisje
0,Mannen
1,Vrouwen
1,Vrouwen
1,Vrouwen
1,Vrouwen
1,Vrouwen
1,Vrouwen
0,Mannen
1,Vrouwen
1,Vrouwen
0,Mannen
1,Vrouwen
0,Mannen
0,Mannen
0,Mannen
1,Vrouwen
0,Mannen
0,Mannen
0,Mannen
0,Mannen
0,Mannen
0,Mannen
0,Mannen
235,Baby's
95,Kinderen
235,Baby's
235,Baby's
95,Kinderen
0,Mannen
235,Baby's
1,Vrouwen
1,Vrouwen
2,Volwassenen
1,Vrouwen
0,Mannen
2,Volwassenen
1,Vrouwen
1,Vrouwen
1,Vrouwen
1,Vrouwen
0,Mannen
95,Kinderen
0,Mannen
95,Kinderen
95,Kinderen
95,Kinderen
2,Volwassenen
95,Kinderen
95,Kinderen
2,Volwassenen
95,Kinderen
2,Volwassenen
517,
1,Vrouwen
95,Kinderen
1,Vrouwen
2,Volwassenen
1,Vrouwen
1,Vrouwen
2,Volwassenen
2,Volwassenen
1,Vrouwen
1,Vrouwen
1,Vrouwen
1,Vrouwen
1,Vrouwen
1,Vrouwen
1,Vrouwen
1,Vrouwen
1,Vrouwen
1,Vrouwen
1,Vrouwen
1,Vrouwen
1,Vrouwen
1,Vrouwen
1,Vrouwen
1,Vrouwen
1,Vrouwen
1,Vrouwen
1,Vrouwen
1,Vrouwen
1,Vrouwen
1,Vrouwen
1,Vrouwen
1,Vrouwen
1,Vrouwen
1,Vrouwen
1,Vrouwen
1,Vrouwen
1,Vrouwen
1,Vrouwen
1,Vrouwen
1,Vrouwen
1,Vrouwen
1,Vrouwen
1,Vrouwen
1,Vrouwen
1,Vrouwen
1,Vrouwen
1,Vrouwen
1,Vrouwen
1,Vrouwen
1,Vrouwen
1,Vrouwen
95,Kinderen
2,Volwassenen
2,Volwassenen
2,Volwassenen
1,Vrouwen
1,Vrouwen
1,Vrouwen
1,Vrouwen
1,Vrouwen
2,Volwassenen
1,Vrouwen
1,Vrouwen
1,Vrouwen
1,Vrouwen
1,Vrouwen
1,Vrouwen
1,Vrouwen
1,Vrouwen
1,Vrouwen
1,Vrouwen
1,Vrouwen
1,Vrouwen
1,Vrouwen
1,Vrouwen
1,Vrouwen
1,Vrouwen
1,Vrouwen
1,Vrouwen
1,Vrouwen
1,Vrouwen
1,Vrouwen
1,Vrouwen
1,Vrouwen
1,Vrouwen
1,Vrouwen
1,Vrouwen
1,Vrouwen
1,Vrouwen
1,Vrouwen
1,Vrouwen
1,Vrouwen
1,Vrouwen
1,Vrouwen
1,Vrouwen
1,Vrouwen
1,Vrouwen
1,Vrouwen
95,Kinderen
1,Vrouwen
2,Volwassenen
295,Meisje
2,Volwassenen
2,Volwassenen
95,Kinderen
1,Vrouwen
95,Kinderen
2,Volwassenen
1,Vrouwen
2,Volwassenen
1,Vrouwen
1,Vrouwen
2,Volwassenen
9,Kantoor
1,Vrouwen
0,Mannen
95,Kinderen
2,Volwassenen
95,Kinderen
2,Volwassenen
1,Vrouwen
295,Meisje
2,Volwassenen
1,Vrouwen
1,Vrouwen
2,Volwassenen
1,Vrouwen
1,Vrouwen
2,Volwassenen
2,Volwassenen
1,Vrouwen
2,Volwassenen
1,Vrouwen
2,Volwassenen
2,Volwassenen
2,Volwassenen
2,Volwassenen
2,Volwassenen
1,Vrouwen
2,Volwassenen
2,Volwassenen
2,Volwassenen
2,Volwassenen
2,Volwassenen
517,
2,Volwassenen
9,Kantoor
1,Vrouwen
2,Volwassenen
2,Volwassenen
2,Volwassenen
9,Kantoor
2,Volwassenen
2,Volwassenen
1,Vrouwen
1,Vrouwen
1,Vrouwen
9,Kantoor
2,Volwassenen
9,Kantoor
95,Kinderen
95,Kinderen
2,Volwassenen
2,Volwassenen
2,Volwassenen
9,Kantoor
9,Kantoor
0,Mannen
1,Vrouwen
2,Volwassenen
1,Vrouwen
1,Vrouwen
1,Vrouwen
9,Kantoor
295,Meisje
2,Volwassenen
295,Meisje
95,Kinderen
2,Volwassenen
95,Kinderen
2,Volwassenen
2,Volwassenen
1,Vrouwen
1,Vrouwen
1,Vrouwen
1,Vrouwen
1,Vrouwen
1,Vrouwen
1,Vrouwen
1,Vrouwen
1,Vrouwen
95,Kinderen
9,Kantoor
2,Volwassenen
2,Volwassenen
9,Kantoor
2,Volwassenen
9,Kantoor
1,Vrouwen
9,Kantoor
2,Volwassenen
1,Vrouwen
2,Volwassenen
1,Vrouwen
1,Vrouwen
1,Vrouwen
9,Kantoor
9,Kantoor
1,Vrouwen
9,Kantoor
9,Kantoor
2,Volwassenen
2,Volwassenen
2,Volwassenen
9,Kantoor
2,Volwassenen
2,Volwassenen
2,Volwassenen
95,Kinderen
2,Volwassenen
95,Kinderen
95,Kinderen
2,Volwassenen
95,Kinderen
95,Kinderen
2,Volwassenen
95,Kinderen
95,Kinderen
2,Volwassenen
95,Kinderen
2,Volwassenen
9,Kantoor
2,Volwassenen
95,Kinderen
2,Volwassenen
95,Kinderen
95,Kinderen
0,Mannen
1,Vrouwen
1,Vrouwen
2,Volwassenen
95,Kinderen
2,Volwassenen
2,Volwassenen
235,Baby's
2,Volwassenen
235,Baby's
235,Baby's
235,Baby's
235,Baby's
235,Baby's
2,Volwassenen
2,Volwassenen
2,Volwassenen
2,Volwassenen
2,Volwassenen
2,Volwassenen
0,Mannen
2,Volwassenen
0,Mannen
1,Vrouwen
1,Vrouwen
2,Volwassenen
2,Volwassenen
2,Volwassenen
2,Volwassenen
2,Volwassenen
2,Volwassenen
2,Volwassenen
2,Volwassenen
2,Volwassenen
2,Volwassenen
2,Volwassenen
2,Volwassenen
1,Vrouwen
1,Vrouwen
1,Vrouwen
1,Vrouwen
1,Vrouwen
1,Vrouwen
0,Mannen
1,Vrouwen
1,Vrouwen
0,Mannen
1,Vrouwen
1,Vrouwen
95,Kinderen
2,Volwassenen
1,Vrouwen
1,Vrouwen
2,Volwassenen
2,Volwassenen
2,Volwassenen
2,Volwassenen
1,Vrouwen
2,Volwassenen
95,Kinderen
95,Kinderen
0,Mannen
95,Kinderen
2,Volwassenen
95,Kinderen
95,Kinderen
95,Kinderen
95,Kinderen
95,Kinderen
95,Kinderen
95,Kinderen
235,Baby's
2,Volwassenen
2,Volwassenen
2,Volwassenen
2,Volwassenen
95,Kinderen
1,Vrouwen
2,Volwassenen
2,Volwassenen
2,Volwassenen
2,Volwassenen
1,Vrouwen
2,Volwassenen
2,Volwassenen
2,Volwassenen
2,Volwassenen
2,Volwassenen
2,Volwassenen
2,Volwassenen
2,Volwassenen
2,Volwassenen
2,Volwassenen
2,Volwassenen
2,Volwassenen
2,Volwassenen
2,Volwassenen
2,Volwassenen
2,Volwassenen
2,Volwassenen
2,Volwassenen
2,Volwassenen
2,Volwassenen
2,Volwassenen
2,Volwassenen
2,Volwassenen
2,Volwassenen
1,Vrouwen
1,Vrouwen
1,Vrouwen
1,Vrouwen
1,Vrouwen
1,Vrouwen
1,Vrouwen
1,Vrouwen
1,Vrouwen
517,
1,Vrouwen
1,Vrouwen
1,Vrouwen
1,Vrouwen
1,Vrouwen
1,Vrouwen
1,Vrouwen
1,Vrouwen
2,Volwassenen
95,Kinderen
517,
95,Kinderen
2,Volwassenen
2,Volwassenen
1,Vrouwen
2,Volwassenen
1,Vrouwen
1,Vrouwen
1,Vrouwen
1,Vrouwen
1,Vrouwen
9,Kantoor
1,Vrouwen
1,Vrouwen
1,Vrouwen
1,Vrouwen
1,Vrouwen
1,Vrouwen
1,Vrouwen
1,Vrouwen
1,Vrouwen
1,Vrouwen
1,Vrouwen
0,Mannen
1,Vrouwen
1,Vrouwen
1,Vrouwen
1,Vrouwen
1,Vrouwen
1,Vrouwen
1,Vrouwen
517,
1,Vrouwen
1,Vrouwen
1,Vrouwen
1,Vrouwen
1,Vrouwen
1,Vrouwen
1,Vrouwen
1,Vrouwen
1,Vrouwen
1,Vrouwen
1,Vrouwen
1,Vrouwen
1,Vrouwen
1,Vrouwen
1,Vrouwen
1,Vrouwen
1,Vrouwen
1,Vrouwen
95,Kinderen
2,Volwassenen
1,Vrouwen
9,Kantoor
2,Volwassenen
1,Vrouwen
2,Volwassenen
2,Volwassenen
2,Volwassenen
2,Volwassenen
2,Volwassenen
2,Volwassenen
2,Volwassenen
2,Volwassenen
2,Volwassenen
2,Volwassenen
2,Volwassenen
9,Kantoor
2,Volwassenen
1,Vrouwen
517,
517,
0,Mannen
9,Kantoor
235,Baby's
235,Baby's
95,Kinderen
95,Kinderen
95,Kinderen
9,Kantoor
95,Kinderen
95,Kinderen
235,Baby's
235,Baby's
235,Baby's
235,Baby's
95,Kinderen
95,Kinderen
1,Vrouwen
1,Vrouwen
95,Kinderen
95,Kinderen
235,Baby's
235,Baby's
95,Kinderen
95,Kinderen
95,Kinderen
235,Baby's
95,Kinderen
235,Baby's
235,Baby's
235,Baby's
1,Vrouwen
0,Mannen
9,Kantoor
2,Volwassenen
2,Volwassenen
235,Baby's
2,Volwassenen
95,Kinderen
1,Vrouwen
95,Kinderen
2,Volwassenen
2,Volwassenen
1,Vrouwen
2,Volwassenen
2,Volwassenen
1,Vrouwen
1,Vrouwen
235,Baby's
517,
2,Volwassenen
1,Vrouwen
1,Vrouwen
9,Kantoor
295,Meisje
295,Meisje
1,Vrouwen
1,Vrouwen
1,Vrouwen
1,Vrouwen
1,Vrouwen
1,Vrouwen
1,Vrouwen
1,Vrouwen
1,Vrouwen
1,Vrouwen
0,Mannen
1,Vrouwen
1,Vrouwen
1,Vrouwen
1,Vrouwen
1,Vrouwen
1,Vrouwen
1,Vrouwen
1,Vrouwen
1,Vrouwen
517,
1,Vrouwen
1,Vrouwen
1,Vrouwen
1,Vrouwen
1,Vrouwen
1,Vrouwen
1,Vrouwen
1,Vrouwen
2,Volwassenen
2,Volwassenen
1,Vrouwen
95,Kinderen
2,Volwassenen
1,Vrouwen
1,Vrouwen
1,Vrouwen
1,Vrouwen
1,Vrouwen
1,Vrouwen
1,Vrouwen
1,Vrouwen
1,Vrouwen
1,Vrouwen
1,Vrouwen
2,Volwassenen
1,Vrouwen
1,Vrouwen
1,Vrouwen
1,Vrouwen
1,Vrouwen
1,Vrouwen
1,Vrouwen
1,Vrouwen
2,Volwassenen
2,Volwassenen
2,Volwassenen
2,Volwassenen
1,Vrouwen
1,Vrouwen
1,Vrouwen
2,Volwassenen
1,Vrouwen
0,Mannen
1,Vrouwen
1,Vrouwen
1,Vrouwen
0,Mannen
1,Vrouwen
1,Vrouwen
1,Vrouwen
1,Vrouwen
1,Vrouwen
1,Vrouwen
2,Volwassenen
2,Volwassenen
1,Vrouwen
0,Mannen
1,Vrouwen
0,Mannen
1,Vrouwen
0,Mannen
295,Meisje
0,Mannen
1,Vrouwen
1,Vrouwen
295,Meisje
1,Vrouwen
1,Vrouwen
1,Vrouwen
1,Vrouwen
2,Volwassenen
1,Vrouwen
1,Vrouwen
0,Mannen
1,Vrouwen
1,Vrouwen
2,Volwassenen
0,Mannen
0,Mannen
2,Volwassenen
1,Vrouwen
2,Volwassenen
2,Volwassenen
0,Mannen
2,Volwassenen
1,Vrouwen
1,Vrouwen
1,Vrouwen
1,Vrouwen
2,Volwassenen
2,Volwassenen
2,Volwassenen
0,Mannen
2,Volwassenen
2,Volwassenen
2,Volwassenen
2,Volwassenen
1,Vrouwen
2,Volwassenen
1,Vrouwen
1,Vrouwen
1,Vrouwen
2,Volwassenen
2,Volwassenen
0,Mannen
1,Vrouwen
1,Vrouwen
517,
1,Vrouwen
2,Volwassenen
1,Vrouwen
2,Volwassenen
2,Volwassenen
2,Volwassenen
2,Volwassenen
2,Volwassenen
2,Volwassenen
2,Volwassenen
1,Vrouwen
2,Volwassenen
95,Kinderen
2,Volwassenen
2,Volwassenen
2,Volwassenen
2,Volwassenen
1,Vrouwen
1,Vrouwen
2,Volwassenen
1,Vrouwen
1,Vrouwen
2,Volwassenen
2,Volwassenen
2,Volwassenen
2,Volwassenen
2,Volwassenen
1,Vrouwen
1,Vrouwen
2,Volwassenen
0,Mannen
2,Volwassenen
517,
2,Volwassenen
295,Meisje
0,Mannen
517,
95,Kinderen
2,Volwassenen
2,Volwassenen
2,Volwassenen
1,Vrouwen
2,Volwassenen
1,Vrouwen
1,Vrouwen
0,Mannen
95,Kinderen
1,Vrouwen
1,Vrouwen
1,Vrouwen
1,Vrouwen
1,Vrouwen
95,Kinderen
2,Volwassenen
2,Volwassenen
1,Vrouwen
1,Vrouwen
1,Vrouwen
2,Volwassenen
2,Volwassenen
0,Mannen
1,Vrouwen
2,Volwassenen
2,Volwassenen
0,Mannen
1,Vrouwen
2,Volwassenen
0,Mannen
235,Baby's
9,Kantoor
9,Kantoor
9,Kantoor
2,Volwassenen
2,Volwassenen
2,Volwassenen
2,Volwassenen
95,Kinderen
2,Volwassenen
0,Mannen
2,Volwassenen
0,Mannen
95,Kinderen
2,Volwassenen
235,Baby's
95,Kinderen
2,Volwassenen
0,Mannen
2,Volwassenen
2,Volwassenen
1,Vrouwen
1,Vrouwen
1,Vrouwen
1,Vrouwen
0,Mannen
2,Volwassenen
2,Volwassenen
2,Volwassenen
2,Volwassenen
0,Mannen
2,Volwassenen
0,Mannen
0,Mannen
1,Vrouwen
517,
1,Vrouwen
1,Vrouwen
2,Volwassenen
95,Kinderen
2,Volwassenen
9,Kantoor
2,Volwassenen
0,Mannen
2,Volwassenen
1,Vrouwen
2,Volwassenen
95,Kinderen
2,Volwassenen
1,Vrouwen
2,Volwassenen
2,Volwassenen
2,Volwassenen
2,Volwassenen
2,Volwassenen
2,Volwassenen
2,Volwassenen
1,Vrouwen
2,Volwassenen
2,Volwassenen
2,Volwassenen
2,Volwassenen
2,Volwassenen
2,Volwassenen
2,Volwassenen
2,Volwassenen
2,Volwassenen
2,Volwassenen
2,Volwassenen
2,Volwassenen
1,Vrouwen
2,Volwassenen
1,Vrouwen
2,Volwassenen
95,Kinderen
95,Kinderen
1,Vrouwen
1,Vrouwen
1,Vrouwen
1,Vrouwen
1,Vrouwen
0,Mannen
517,
1,Vrouwen
1,Vrouwen
0,Mannen
0,Mannen
0,Mannen
0,Mannen
0,Mannen
517,
1,Vrouwen
517,
1,Vrouwen
1,Vrouwen
1,Vrouwen
1,Vrouwen
1,Vrouwen
1,Vrouwen
1,Vrouwen
517,
517,
1,Vrouwen
0,Mannen
517,
517,
0,Mannen
0,Mannen
0,Mannen
1,Vrouwen
0,Mannen
1,Vrouwen
0,Mannen
0,Mannen
0,Mannen
517,
517,
517,
2,Volwassenen
517,
517,
517,
2,Volwassenen
2,Volwassenen
2,Volwassenen
2,Volwassenen
2,Volwassenen
517,
2,Volwassenen
2,Volwassenen
2,Volwassenen
2,Volwassenen
517,
0,Mannen
0,Mannen
0,Mannen
0,Mannen
0,Mannen
517,
0,Mannen
517,
517,
517,
517,
517,
517,
1,Vrouwen
1,Vrouwen
1,Vrouwen
1,Vrouwen
1,Vrouwen
517,
517,
517,
517,
1,Vrouwen
1,Vrouwen
1,Vrouwen
1,Vrouwen
1,Vrouwen
1,Vrouwen
1,Vrouwen
1,Vrouwen
1887,Geen
517,
1,Vrouwen
1,Vrouwen
517,
1,Vrouwen
1,Vrouwen
517,
1,Vrouwen
1,Vrouwen
1,Vrouwen
517,
517,
0,Mannen
0,Mannen
0,Mannen
517,
0,Mannen
0,Mannen
0,Mannen
517,
517,
2,Volwassenen
1,Vrouwen
2,Volwassenen
517,
517,
1,Vrouwen
1,Vrouwen
1,Vrouwen
1,Vrouwen
1,Vrouwen
1,Vrouwen
1,Vrouwen
1,Vrouwen
517,
1,Vrouwen
1,Vrouwen
1,Vrouwen
1,Vrouwen
1,Vrouwen
1,Vrouwen
1,Vrouwen
1,Vrouwen
517,
1,Vrouwen
1,Vrouwen
1,Vrouwen
1,Vrouwen
1,Vrouwen
1,Vrouwen
1,Vrouwen
1,Vrouwen
1,Vrouwen
1,Vrouwen
1,Vrouwen
1,Vrouwen
1,Vrouwen
1,Vrouwen
1,Vrouwen
1,Vrouwen
2,Volwassenen
1,Vrouwen
1,Vrouwen
2,Volwassenen
295,Meisje
1953,Jongen
0,Mannen
0,Mannen
0,Mannen
1,Vrouwen
1,Vrouwen
1,Vrouwen
1,Vrouwen
1,Vrouwen
1,Vrouwen
1,Vrouwen
1,Vrouwen
517,
2,Volwassenen
0,Mannen
1,Vrouwen
0,Mannen
0,Mannen
0,Mannen
1,Vrouwen
2,Volwassenen
1,Vrouwen
1,Vrouwen
1,Vrouwen
1,Vrouwen
517,
517,
517,
1,Vrouwen
2,Volwassenen
1,Vrouwen
1,Vrouwen
2,Volwassenen
1,Vrouwen
1,Vrouwen
0,Mannen
1,Vrouwen
1,Vrouwen
517,
517,
517,
517,
517,
517,
517,
517,
517,
517,
1,Vrouwen
517,
517,
517,
517,
1,Vrouwen
517,
517,
517,
0,Mannen
517,
517,
2,Volwassenen
517,
517,
2,Volwassenen
2,Volwassenen
2,Volwassenen
2,Volwassenen
517,
517,
517,
2,Volwassenen
517,
2,Volwassenen
1,Vrouwen
517,
1,Vrouwen
517,
517,
517,
517,
2,Volwassenen
2,Volwassenen
2,Volwassenen
2,Volwassenen
517,
2,Volwassenen
2,Volwassenen
517,
517,
517,
517,
0,Mannen
517,
0,Mannen
0,Mannen
0,Mannen
0,Mannen
0,Mannen
0,Mannen
0,Mannen
0,Mannen
0,Mannen
0,Mannen
0,Mannen
0,Mannen
0,Mannen
0,Mannen
0,Mannen
0,Mannen
0,Mannen
0,Mannen
0,Mannen
0,Mannen
0,Mannen
0,Mannen
0,Mannen
0,Mannen
0,Mannen
0,Mannen
0,Mannen
0,Mannen
0,Mannen
1,Vrouwen
1,Vrouwen
1,Vrouwen
0,Mannen
0,Mannen
1,Vrouwen
1,Vrouwen
1,Vrouwen
1,Vrouwen
295,Meisje
1,Vrouwen
2,Volwassenen
0,Mannen
1,Vrouwen
0,Mannen
95,Kinderen
2,Volwassenen
2,Volwassenen
95,Kinderen
0,Mannen
1,Vrouwen
2,Volwassenen
1,Vrouwen
2,Volwassenen
2,Volwassenen
2,Volwassenen
1,Vrouwen
1,Vrouwen
1,Vrouwen
1,Vrouwen
1,Vrouwen
1,Vrouwen
95,Kinderen
2,Volwassenen
1,Vrouwen
2,Volwassenen
2,Volwassenen
2,Volwassenen
235,Baby's
235,Baby's
235,Baby's
2,Volwassenen
1,Vrouwen
2,Volwassenen
2,Volwassenen
2,Volwassenen
2,Volwassenen
1,Vrouwen
2,Volwassenen
0,Mannen
2,Volwassenen
1,Vrouwen
2,Volwassenen
1,Vrouwen
2,Volwassenen
1,Vrouwen
2,Volwassenen
2,Volwassenen
2,Volwassenen
2,Volwassenen
2,Volwassenen
2,Volwassenen
2,Volwassenen
2,Volwassenen
2,Volwassenen
0,Mannen
0,Mannen
2,Volwassenen
2,Volwassenen
95,Kinderen
2,Volwassenen
0,Mannen
1,Vrouwen
0,Mannen
0,Mannen
2,Volwassenen
1,Vrouwen
1,Vrouwen
2,Volwassenen
2,Volwassenen
2,Volwassenen
2,Volwassenen
1,Vrouwen
1,Vrouwen
2,Volwassenen
2,Volwassenen
0,Mannen
2,Volwassenen
0,Mannen
1,Vrouwen
1,Vrouwen
1,Vrouwen
2167,65+
1,Vrouwen
2,Volwassenen
2,Volwassenen
2,Volwassenen
2,Volwassenen
2,Volwassenen
2,Volwassenen
2,Volwassenen
2,Volwassenen
9,Kantoor
1,Vrouwen
2,Volwassenen
1,Vrouwen
1,Vrouwen
0,Mannen
2,Volwassenen
1,Vrouwen
1,Vrouwen
0,Mannen
1,Vrouwen
1,Vrouwen
1,Vrouwen
1,Vrouwen
0,Mannen
0,Mannen
0,Mannen
2,Volwassenen
2,Volwassenen
0,Mannen
2,Volwassenen
2,Volwassenen
1,Vrouwen
1,Vrouwen
1,Vrouwen
1,Vrouwen
1,Vrouwen
95,Kinderen
1,Vrouwen
1,Vrouwen
1,Vrouwen
1,Vrouwen
1,Vrouwen
1,Vrouwen
0,Mannen
1,Vrouwen
1,Vrouwen
0,Mannen
0,Mannen
1,Vrouwen
1,Vrouwen
1,Vrouwen
1,Vrouwen
235,Baby's
1,Vrouwen
1,Vrouwen
1,Vrouwen
1,Vrouwen
2,Volwassenen
1,Vrouwen
1,Vrouwen
2,Volwassenen
2,Volwassenen
2,Volwassenen
2,Volwassenen
1,Vrouwen
2,Volwassenen
2,Volwassenen
2,Volwassenen
2,Volwassenen
1,Vrouwen
2,Volwassenen
2,Volwassenen
2,Volwassenen
2,Volwassenen
1,Vrouwen
2,Volwassenen
2,Volwassenen
2,Volwassenen
2,Volwassenen
2,Volwassenen
2,Volwassenen
2,Volwassenen
2,Volwassenen
2,Volwassenen
2,Volwassenen
2,Volwassenen
2,Volwassenen
2,Volwassenen
2,Volwassenen
2,Volwassenen
2,Volwassenen
2,Volwassenen
0,Mannen
2,Volwassenen
2,Volwassenen
235,Baby's
2,Volwassenen
1,Vrouwen
2,Volwassenen
1,Vrouwen
2,Volwassenen
1,Vrouwen
1,Vrouwen
0,Mannen
1,Vrouwen
1,Vrouwen
1,Vrouwen
1,Vrouwen
1,Vrouwen
1,Vrouwen
1,Vrouwen
0,Mannen
0,Mannen
0,Mannen
0,Mannen
1,Vrouwen
0,Mannen
0,Mannen
1,Vrouwen
0,Mannen
2,Volwassenen
1,Vrouwen
1,Vrouwen
1,Vrouwen
2,Volwassenen
2,Volwassenen
2,Volwassenen
2,Volwassenen
2,Volwassenen
2,Volwassenen
2,Volwassenen
2,Volwassenen
2,Volwassenen
2,Volwassenen
2,Volwassenen
2,Volwassenen
2,Volwassenen
1,Vrouwen
95,Kinderen
1,Vrouwen
1,Vrouwen
1,Vrouwen
2,Volwassenen
1,Vrouwen
1,Vrouwen
1,Vrouwen
1,Vrouwen
1,Vrouwen
1,Vrouwen
1,Vrouwen
1,Vrouwen
1,Vrouwen
95,Kinderen
2,Volwassenen
2,Volwassenen
2,Volwassenen
2,Volwassenen
1,Vrouwen
517,
2,Volwassenen
1,Vrouwen
2,Volwassenen
1,Vrouwen
1,Vrouwen
1,Vrouwen
1,Vrouwen
2,Volwassenen
2,Volwassenen
2,Volwassenen
1,Vrouwen
0,Mannen
0,Mannen
0,Mannen
0,Mannen
0,Mannen
1,Vrouwen
0,Mannen
1,Vrouwen
1,Vrouwen
1,Vrouwen
1,Vrouwen
1,Vrouwen
1,Vrouwen
295,Meisje
0,Mannen
2,Volwassenen
2,Volwassenen
2,Volwassenen
95,Kinderen
2,Volwassenen
2,Volwassenen
2,Volwassenen
2,Volwassenen
2,Volwassenen
2,Volwassenen
9,Kantoor
2,Volwassenen
1,Vrouwen
1,Vrouwen
2,Volwassenen
0,Mannen
95,Kinderen
9,Kantoor
95,Kinderen
235,Baby's
235,Baby's
235,Baby's
235,Baby's
2,Volwassenen
95,Kinderen
235,Baby's
2,Volwassenen
2,Volwassenen
2,Volwassenen
235,Baby's
95,Kinderen
235,Baby's
235,Baby's
235,Baby's
235,Baby's
235,Baby's
235,Baby's
235,Baby's
235,Baby's
235,Baby's
235,Baby's
235,Baby's
235,Baby's
2,Volwassenen
9,Kantoor
1,Vrouwen
1,Vrouwen
2,Volwassenen
1,Vrouwen
0,Mannen
0,Mannen
1,Vrouwen
1,Vrouwen
0,Mannen
2,Volwassenen
2,Volwassenen
1,Vrouwen
2,Volwassenen
2167,65+
1,Vrouwen
1,Vrouwen
1,Vrouwen
0,Mannen
2,Volwassenen
1,Vrouwen
0,Mannen
0,Mannen
1,Vrouwen
2,Volwassenen
1,Vrouwen
2,Volwassenen
1,Vrouwen
1,Vrouwen
2,Volwassenen
1,Vrouwen
95,Kinderen
1,Vrouwen
0,Mannen
0,Mannen
2,Volwassenen
0,Mannen
2,Volwassenen
2,Volwassenen
2,Volwassenen
95,Kinderen
2,Volwassenen
2,Volwassenen
1,Vrouwen
1,Vrouwen
95,Kinderen
95,Kinderen
95,Kinderen
2,Volwassenen
95,Kinderen
0,Mannen
2,Volwassenen
95,Kinderen
2,Volwassenen
2,Volwassenen
2,Volwassenen
2,Volwassenen
2,Volwassenen
2,Volwassenen
2,Volwassenen
2,Volwassenen
2,Volwassenen
1,Vrouwen
0,Mannen
2,Volwassenen
0,Mannen
2,Volwassenen
2,Volwassenen
1,Vrouwen
2,Volwassenen
2,Volwassenen
2,Volwassenen
2,Volwassenen
2,Volwassenen
95,Kinderen
1,Vrouwen
1,Vrouwen
1,Vrouwen
1,Vrouwen
1,Vrouwen
2,Volwassenen
2,Volwassenen
2,Volwassenen
95,Kinderen
0,Mannen
2,Volwassenen
0,Mannen
2,Volwassenen
2,Volwassenen
2,Volwassenen
2,Volwassenen
9,Kantoor
2,Volwassenen
9,Kantoor
9,Kantoor
2,Volwassenen
9,Kantoor
9,Kantoor
0,Mannen
9,Kantoor
0,Mannen
95,Kinderen
2,Volwassenen
2,Volwassenen
2,Volwassenen
2,Volwassenen
2,Volwassenen
2,Volwassenen
9,Kantoor
9,Kantoor
9,Kantoor
9,Kantoor
2,Volwassenen
2,Volwassenen
9,Kantoor
2,Volwassenen
2,Volwassenen
2,Volwassenen
2,Volwassenen
2,Volwassenen
2,Volwassenen
9,Kantoor
2,Volwassenen
2,Volwassenen
2,Volwassenen
9,Kantoor
9,Kantoor
2,Volwassenen
2,Volwassenen
2,Volwassenen
2,Volwassenen
2,Volwassenen
2,Volwassenen
2,Volwassenen
2,Volwassenen
2,Volwassenen
2,Volwassenen
2,Volwassenen
2,Volwassenen
2,Volwassenen
2,Volwassenen
2,Volwassenen
1,Vrouwen
2,Volwassenen
2,Volwassenen
2,Volwassenen
2,Volwassenen
295,Meisje
2,Volwassenen
1,Vrouwen
2,Volwassenen
9,Kantoor
1,Vrouwen
1,Vrouwen
1,Vrouwen
1,Vrouwen
1,Vrouwen
1,Vrouwen
1,Vrouwen
1,Vrouwen
1,Vrouwen
1,Vrouwen
1,Vrouwen
1,Vrouwen
1,Vrouwen
1,Vrouwen
2,Volwassenen
2,Volwassenen
1,Vrouwen
2,Volwassenen
2,Volwassenen
2,Volwassenen
2,Volwassenen
2,Volwassenen
1,Vrouwen
9,Kantoor
1,Vrouwen
2,Volwassenen
1,Vrouwen
2,Volwassenen
2,Volwassenen
2,Volwassenen
95,Kinderen
95,Kinderen
9,Kantoor
2,Volwassenen
2,Volwassenen
1,Vrouwen
1953,Jongen
2,Volwassenen
2,Volwassenen
295,Meisje
2,Volwassenen
235,Baby's
0,Mannen
2,Volwassenen
1,Vrouwen
1,Vrouwen
1,Vrouwen
1,Vrouwen
95,Kinderen
2,Volwassenen
1,Vrouwen
1,Vrouwen
1,Vrouwen
0,Mannen
1,Vrouwen
1,Vrouwen
0,Mannen
0,Mannen
2,Volwassenen
2,Volwassenen
2,Volwassenen
2,Volwassenen
2,Volwassenen
2,Volwassenen
2,Volwassenen
2,Volwassenen
2,Volwassenen
1,Vrouwen
1,Vrouwen
2,Volwassenen
2,Volwassenen
1,Vrouwen
2,Volwassenen
1,Vrouwen
1,Vrouwen
1,Vrouwen
1,Vrouwen
1,Vrouwen
0,Mannen
0,Mannen
0,Mannen
1,Vrouwen
0,Mannen
1,Vrouwen
0,Mannen
235,Baby's
235,Baby's
0,Mannen
235,Baby's
1,Vrouwen
2,Volwassenen
235,Baby's
2,Volwassenen
2,Volwassenen
95,Kinderen
235,Baby's
2,Volwassenen
95,Kinderen
0,Mannen
1,Vrouwen
2,Volwassenen
0,Mannen
2,Volwassenen
0,Mannen
2,Volwassenen
2,Volwassenen
1,Vrouwen
95,Kinderen
295,Meisje
1,Vrouwen
0,Mannen
2,Volwassenen
2,Volwassenen
0,Mannen
1,Vrouwen
2,Volwassenen
2,Volwassenen
2,Volwassenen
1,Vrouwen
1,Vrouwen
1,Vrouwen
1,Vrouwen
1,Vrouwen
1,Vrouwen
2,Volwassenen
1,Vrouwen
2,Volwassenen
2,Volwassenen
517,
2,Volwassenen
2,Volwassenen
95,Kinderen
95,Kinderen
95,Kinderen
2,Volwassenen
9,Kantoor
2,Volwassenen
1,Vrouwen
1,Vrouwen
1,Vrouwen
1,Vrouwen
1,Vrouwen
0,Mannen
2,Volwassenen
2,Volwassenen
2,Volwassenen
2,Volwassenen
2,Volwassenen
1,Vrouwen
2,Volwassenen
2,Volwassenen
2,Volwassenen
1,Vrouwen
2,Volwassenen
1,Vrouwen
0,Mannen
2,Volwassenen
1,Vrouwen
1,Vrouwen
2,Volwassenen
2,Volwassenen
0,Mannen
2,Volwassenen
1,Vrouwen
2,Volwassenen
2,Volwassenen
2,Volwassenen
2,Volwassenen
2,Volwassenen
2,Volwassenen
95,Kinderen
2,Volwassenen
95,Kinderen
1,Vrouwen
2,Volwassenen
2,Volwassenen
2,Volwassenen
2,Volwassenen
2,Volwassenen
0,Mannen
2,Volwassenen
2,Volwassenen
95,Kinderen
2,Volwassenen
2,Volwassenen
95,Kinderen
2,Volwassenen
2,Volwassenen
2,Volwassenen
2,Volwassenen
2,Volwassenen
2,Volwassenen
2,Volwassenen
2,Volwassenen
2,Volwassenen
2,Volwassenen
2,Volwassenen
2,Volwassenen
2,Volwassenen
2,Volwassenen
2,Volwassenen
0,Mannen
2,Volwassenen
2,Volwassenen
2,Volwassenen
517,
2,Volwassenen
1,Vrouwen
1,Vrouwen
2,Volwassenen
2,Volwassenen
1,Vrouwen
2,Volwassenen
1,Vrouwen
1,Vrouwen
1,Vrouwen
1,Vrouwen
1,Vrouwen
1,Vrouwen
1,Vrouwen
1,Vrouwen
1,Vrouwen
1,Vrouwen
0,Mannen
1,Vrouwen
1,Vrouwen
1,Vrouwen
0,Mannen
1,Vrouwen
235,Baby's
1,Vrouwen
1,Vrouwen
2,Volwassenen
1,Vrouwen
1,Vrouwen
1,Vrouwen
2,Volwassenen
295,Meisje
295,Meisje
95,Kinderen
95,Kinderen
1,Vrouwen
95,Kinderen
1,Vrouwen
1,Vrouwen
517,
1,Vrouwen
517,
517,
95,Kinderen
1,Vrouwen
517,
517,
517,
1,Vrouwen
517,
1,Vrouwen
0,Mannen
517,
1,Vrouwen
1,Vrouwen
517,
1,Vrouwen
1,Vrouwen
2,Volwassenen
517,
1,Vrouwen
517,
517,
1,Vrouwen
517,
517,
1,Vrouwen
517,
517,
2,Volwassenen
517,
517,
2,Volwassenen
2,Volwassenen
517,
517,
517,
2,Volwassenen
517,
2,Volwassenen
0,Mannen
2,Volwassenen
2,Volwassenen
1,Vrouwen
2,Volwassenen
2,Volwassenen
2,Volwassenen
2,Volwassenen
1,Vrouwen
517,
95,Kinderen
2,Volwassenen
517,
517,
2,Volwassenen
1,Vrouwen
1,Vrouwen
1,Vrouwen
1,Vrouwen
2,Volwassenen
1,Vrouwen
1,Vrouwen
1,Vrouwen
1,Vrouwen
517,
517,
0,Mannen
1,Vrouwen
1,Vrouwen
1,Vrouwen
1,Vrouwen
517,
1,Vrouwen
2,Volwassenen
2,Volwassenen
1,Vrouwen
517,
1,Vrouwen
0,Mannen
0,Mannen
517,
0,Mannen
1,Vrouwen
517,
1,Vrouwen
0,Mannen
517,
1,Vrouwen
1,Vrouwen
0,Mannen
517,
1,Vrouwen
517,
517,
517,
517,
517,
0,Mannen
517,
1,Vrouwen
1,Vrouwen
1,Vrouwen
1,Vrouwen
1,Vrouwen
517,
0,Mannen
1,Vrouwen
0,Mannen
1,Vrouwen
1,Vrouwen
0,Mannen
517,
2,Volwassenen
2,Volwassenen
1,Vrouwen
517,
517,
1,Vrouwen
1,Vrouwen
517,
2,Volwassenen
517,
2,Volwassenen
2,Volwassenen
2,Volwassenen
2,Volwassenen
2,Volwassenen
517,
517,
517,
517,
517,
1,Vrouwen
517,
517,
1,Vrouwen
1,Vrouwen
1,Vrouwen
95,Kinderen
0,Mannen
517,
1,Vrouwen
95,Kinderen
1,Vrouwen
517,
2,Volwassenen
0,Mannen
1,Vrouwen
517,
0,Mannen
517,
1,Vrouwen
2,Volwassenen
0,Mannen
1,Vrouwen
1,Vrouwen
517,
517,
1,Vrouwen
0,Mannen
517,
517,
1,Vrouwen
1,Vrouwen
1,Vrouwen
517,
2,Volwassenen
517,
2,Volwassenen
517,
1,Vrouwen
1,Vrouwen
517,
517,
1,Vrouwen
1,Vrouwen
2,Volwassenen
517,
0,Mannen
1,Vrouwen
1,Vrouwen
1,Vrouwen
1,Vrouwen
1,Vrouwen
2,Volwassenen
1,Vrouwen
1,Vrouwen
0,Mannen
517,
0,Mannen
1,Vrouwen
1,Vrouwen
1,Vrouwen
95,Kinderen
1,Vrouwen
0,Mannen
1,Vrouwen
517,
95,Kinderen
1,Vrouwen
0,Mannen
517,
517,
0,Mannen
517,
1,Vrouwen
1,Vrouwen
1,Vrouwen
517,
1,Vrouwen
1,Vrouwen
0,Mannen
517,
1,Vrouwen
2,Volwassenen
1,Vrouwen
517,
1,Vrouwen
1,Vrouwen
1,Vrouwen
1,Vrouwen
1,Vrouwen
1,Vrouwen
517,
2,Volwassenen
517,
517,
0,Mannen
517,
517,
2,Volwassenen
2,Volwassenen
517,
517,
2,Volwassenen
2,Volwassenen
95,Kinderen
517,
517,
517,
517,
517,
2,Volwassenen
2,Volwassenen
2,Volwassenen
2,Volwassenen
2,Volwassenen
517,
2,Volwassenen
2,Volwassenen
1,Vrouwen
0,Mannen
1,Vrouwen
1,Vrouwen
0,Mannen
1,Vrouwen
1,Vrouwen
1,Vrouwen
0,Mannen
2,Volwassenen
517,
0,Mannen
517,
1,Vrouwen
0,Mannen
235,Baby's
2,Volwassenen
2,Volwassenen
2,Volwassenen
2,Volwassenen
517,
2,Volwassenen
0,Mannen
2,Volwassenen
0,Mannen
2,Volwassenen
517,
517,
517,
517,
517,
0,Mannen
1,Vrouwen
1,Vrouwen
235,Baby's
0,Mannen
95,Kinderen
235,Baby's
1,Vrouwen
235,Baby's
1,Vrouwen
1,Vrouwen
517,
0,Mannen
0,Mannen
517,
0,Mannen
517,
0,Mannen
2,Volwassenen
2,Volwassenen
517,
0,Mannen
517,
95,Kinderen
0,Mannen
2,Volwassenen
517,
95,Kinderen
517,
0,Mannen
0,Mannen
517,
517,
1953,Jongen
517,
0,Mannen
517,
517,
517,
517,
2,Volwassenen
517,
1,Vrouwen
2,Volwassenen
517,
517,
517,
95,Kinderen
95,Kinderen
517,
517,
95,Kinderen
517,
517,
517,
517,
517,
517,
517,
95,Kinderen
2,Volwassenen
2,Volwassenen
517,
517,
1,Vrouwen
517,
517,
1,Vrouwen
2,Volwassenen
517,
2,Volwassenen
1,Vrouwen
0,Mannen
517,
517,
2,Volwassenen
2,Volwassenen
1,Vrouwen
1,Vrouwen
1,Vrouwen
2,Volwassenen
1,Vrouwen
517,
517,
1,Vrouwen
517,
2,Volwassenen
517,
517,
517,
517,
517,
517,
517,
517,
517,
517,
517,
517,
517,
517,
517,
517,
517,
517,
517,
2,Volwassenen
517,
2,Volwassenen
517,
2,Volwassenen
2,Volwassenen
1,Vrouwen
1,Vrouwen
1,Vrouwen
517,
1,Vrouwen
1,Vrouwen
517,
517,
517,
1,Vrouwen
1,Vrouwen
1,Vrouwen
517,
517,
1,Vrouwen
517,
2,Volwassenen
517,
517,
517,
517,
517,
517,
517,
517,
517,
517,
517,
2,Volwassenen
517,
2,Volwassenen
517,
517,
517,
517,
517,
517,
0,Mannen
0,Mannen
0,Mannen
0,Mannen
517,
517,
517,
2,Volwassenen
2,Volwassenen
2,Volwassenen
2,Volwassenen
2,Volwassenen
2,Volwassenen
2,Volwassenen
3239,50+
2,Volwassenen
2,Volwassenen
2,Volwassenen
2,Volwassenen
517,
517,
2,Volwassenen
517,
517,
517,
517,
517,
2,Volwassenen
517,
517,
517,
95,Kinderen
517,
517,
95,Kinderen
517,
517,
1,Vrouwen
2,Volwassenen
517,
517,
517,
517,
1,Vrouwen
95,Kinderen
517,
517,
2,Volwassenen
1,Vrouwen
517,
95,Kinderen
95,Kinderen
1,Vrouwen
517,
517,
1,Vrouwen
2,Volwassenen
1,Vrouwen
517,
235,Baby's
517,
517,
1,Vrouwen
2,Volwassenen
95,Kinderen
1,Vrouwen
1,Vrouwen
1,Vrouwen
517,
1,Vrouwen
1,Vrouwen
1,Vrouwen
1,Vrouwen
1,Vrouwen
1,Vrouwen
1,Vrouwen
1,Vrouwen
1,Vrouwen
1,Vrouwen
1,Vrouwen
1,Vrouwen
1,Vrouwen
1,Vrouwen
1,Vrouwen
1,Vrouwen
1,Vrouwen
1,Vrouwen
1,Vrouwen
0,Mannen
1,Vrouwen
0,Mannen
0,Mannen
1,Vrouwen
517,
517,
1,Vrouwen
517,
517,
517,
517,
517,
517,
1,Vrouwen
95,Kinderen
517,
95,Kinderen
95,Kinderen
0,Mannen
0,Mannen
2,Volwassenen
1,Vrouwen
517,
2,Volwassenen
2,Volwassenen
2,Volwassenen
2,Volwassenen
2,Volwassenen
0,Mannen
517,
517,
1,Vrouwen
1,Vrouwen
517,
0,Mannen
517,
2,Volwassenen
2,Volwassenen
517,
517,
1,Vrouwen
517,
517,
2,Volwassenen
1,Vrouwen
517,
517,
517,
1,Vrouwen
1,Vrouwen
1,Vrouwen
0,Mannen
1,Vrouwen
517,
517,
2,Volwassenen
517,
517,
517,
1,Vrouwen
1,Vrouwen
1,Vrouwen
1,Vrouwen
0,Mannen
0,Mannen
2,Volwassenen
1,Vrouwen
1,Vrouwen
1,Vrouwen
0,Mannen
0,Mannen
0,Mannen
0,Mannen
0,Mannen
0,Mannen
2,Volwassenen
2,Volwassenen
2,Volwassenen
0,Mannen
1,Vrouwen
0,Mannen
1,Vrouwen
1,Vrouwen
1,Vrouwen
1,Vrouwen
1,Vrouwen
517,
517,
1,Vrouwen
517,
1,Vrouwen
517,
1,Vrouwen
517,
517,
0,Mannen
1,Vrouwen
517,
517,
0,Mannen
517,
517,
517,
1,Vrouwen
1,Vrouwen
517,
1,Vrouwen
517,
0,Mannen
517,
517,
1,Vrouwen
517,
0,Mannen
517,
2,Volwassenen
517,
517,
0,Mannen
0,Mannen
0,Mannen
1,Vrouwen
517,
95,Kinderen
95,Kinderen
2,Volwassenen
2,Volwassenen
517,
0,Mannen
2,Volwassenen
235,Baby's
235,Baby's
235,Baby's
235,Baby's
235,Baby's
517,
235,Baby's
235,Baby's
235,Baby's
235,Baby's
235,Baby's
235,Baby's
235,Baby's
235,Baby's
235,Baby's
235,Baby's
235,Baby's
1,Vrouwen
517,
95,Kinderen
1,Vrouwen
1,Vrouwen
517,
1,Vrouwen
1,Vrouwen
1,Vrouwen
517,
517,
517,
517,
517,
2,Volwassenen
517,
2,Volwassenen
517,
2,Volwassenen
1,Vrouwen
95,Kinderen
95,Kinderen
95,Kinderen
2,Volwassenen
95,Kinderen
517,
95,Kinderen
95,Kinderen
517,
95,Kinderen
0,Mannen
95,Kinderen
517,
95,Kinderen
95,Kinderen
95,Kinderen
95,Kinderen
517,
95,Kinderen
517,
517,
517,
517,
517,
517,
2,Volwassenen
517,
517,
2,Volwassenen
517,
2,Volwassenen
2,Volwassenen
2,Volwassenen
517,
2,Volwassenen
2,Volwassenen
1,Vrouwen
2,Volwassenen
2,Volwassenen
295,Meisje
1,Vrouwen
2,Volwassenen
1,Vrouwen
1,Vrouwen
0,Mannen
2,Volwassenen
1,Vrouwen
517,
2,Volwassenen
2,Volwassenen
1,Vrouwen
2,Volwassenen
0,Mannen
517,
517,
1,Vrouwen
1,Vrouwen
0,Mannen
235,Baby's
517,
2,Volwassenen
235,Baby's
235,Baby's
517,
517,
0,Mannen
2,Volwassenen
2,Volwassenen
2,Volwassenen
2,Volwassenen
517,
2,Volwassenen
2,Volwassenen
295,Meisje
2,Volwassenen
2,Volwassenen
2,Volwassenen
517,
517,
2,Volwassenen
517,
2,Volwassenen
2,Volwassenen
2,Volwassenen
2,Volwassenen
2,Volwassenen
2,Volwassenen
0,Mannen
0,Mannen
517,
2,Volwassenen
1,Vrouwen
1,Vrouwen
1,Vrouwen
517,
1,Vrouwen
517,
0,Mannen
517,
1,Vrouwen
0,Mannen
0,Mannen
1,Vrouwen
0,Mannen
1,Vrouwen
1,Vrouwen
1,Vrouwen
0,Mannen
1,Vrouwen
0,Mannen
0,Mannen
1,Vrouwen
0,Mannen
0,Mannen
0,Mannen
0,Mannen
0,Mannen
517,
517,
517,
517,
517,
0,Mannen
1,Vrouwen
517,
0,Mannen
517,
517,
0,Mannen
517,
2,Volwassenen
517,
517,
95,Kinderen
2,Volwassenen
95,Kinderen
2,Volwassenen
517,
95,Kinderen
517,
517,
517,
517,
517,
517,
1,Vrouwen
2,Volwassenen
2,Volwassenen
0,Mannen
1,Vrouwen
1,Vrouwen
517,
517,
1,Vrouwen
517,
1,Vrouwen
0,Mannen
517,
517,
235,Baby's
517,
517,
517,
517,
517,
517,
517,
517,
2,Volwassenen
517,
517,
2,Volwassenen
517,
2,Volwassenen
517,
2,Volwassenen
2,Volwassenen
0,Mannen
517,
235,Baby's
517,
517,
517,
0,Mannen
95,Kinderen
235,Baby's
1,Vrouwen
1,Vrouwen
95,Kinderen
1,Vrouwen
0,Mannen
1,Vrouwen
517,
0,Mannen
1,Vrouwen
0,Mannen
0,Mannen
0,Mannen
517,
2,Volwassenen
2,Volwassenen
0,Mannen
2,Volwassenen
1,Vrouwen
0,Mannen
2,Volwassenen
0,Mannen
0,Mannen
0,Mannen
1,Vrouwen
0,Mannen
1,Vrouwen
517,
517,
1,Vrouwen
0,Mannen
517,
517,
517,
1,Vrouwen
517,
517,
1,Vrouwen
517,
0,Mannen
517,
95,Kinderen
0,Mannen
0,Mannen
0,Mannen
0,Mannen
2,Volwassenen
0,Mannen
0,Mannen
517,
0,Mannen
517,
235,Baby's
517,
95,Kinderen
517,
1,Vrouwen
1,Vrouwen
517,
517,
1,Vrouwen
0,Mannen
517,
517,
517,
517,
517,
0,Mannen
517,
517,
517,
1,Vrouwen
1,Vrouwen
95,Kinderen
95,Kinderen
2,Volwassenen
95,Kinderen
517,
2,Volwassenen
2,Volwassenen
1,Vrouwen
0,Mannen
1,Vrouwen
1,Vrouwen
2,Volwassenen
2,Volwassenen
2,Volwassenen
1,Vrouwen
1,Vrouwen
2,Volwassenen
517,
2,Volwassenen
1,Vrouwen
1,Vrouwen
2,Volwassenen
2,Volwassenen
0,Mannen
1,Vrouwen
517,
517,
1,Vrouwen
517,
517,
517,
517,
95,Kinderen
517,
1,Vrouwen
1,Vrouwen
1,Vrouwen
1,Vrouwen
1,Vrouwen
517,
0,Mannen
2,Volwassenen
2,Volwassenen
517,
517,
1,Vrouwen
1,Vrouwen
2,Volwassenen
0,Mannen
0,Mannen
0,Mannen
95,Kinderen
1,Vrouwen
517,
95,Kinderen
517,
517,
1,Vrouwen
517,
517,
0,Mannen
0,Mannen
0,Mannen
0,Mannen
0,Mannen
2,Volwassenen
2,Volwassenen
2,Volwassenen
2,Volwassenen
2,Volwassenen
235,Baby's
0,Mannen
235,Baby's
517,
517,
2,Volwassenen
1,Vrouwen
2,Volwassenen
1,Vrouwen
95,Kinderen
2,Volwassenen
2,Volwassenen
2,Volwassenen
2,Volwassenen
0,Mannen
2,Volwassenen
2,Volwassenen
2,Volwassenen
2,Volwassenen
2,Volwassenen
0,Mannen
517,
0,Mannen
0,Mannen
517,
0,Mannen
517,
95,Kinderen
2,Volwassenen
2,Volwassenen
2,Volwassenen
95,Kinderen
2,Volwassenen
2,Volwassenen
517,
2,Volwassenen
2,Volwassenen
0,Mannen
1,Vrouwen
1,Vrouwen
1,Vrouwen
1,Vrouwen
1,Vrouwen
2,Volwassenen
2,Volwassenen
1,Vrouwen
1,Vrouwen
2,Volwassenen
1,Vrouwen
1,Vrouwen
2,Volwassenen
517,
1,Vrouwen
2,Volwassenen
2,Volwassenen
517,
295,Meisje
517,
517,
517,
295,Meisje
2,Volwassenen
295,Meisje
295,Meisje
2,Volwassenen
2,Volwassenen
1,Vrouwen
1,Vrouwen
2,Volwassenen
517,
0,Mannen
2,Volwassenen
2,Volwassenen
2,Volwassenen
2,Volwassenen
1,Vrouwen
517,
517,
2,Volwassenen
2,Volwassenen
0,Mannen
9,Kantoor
0,Mannen
2,Volwassenen
2,Volwassenen
0,Mannen
1,Vrouwen
0,Mannen
0,Mannen
0,Mannen
0,Mannen
517,
1,Vrouwen
517,
0,Mannen
0,Mannen
1,Vrouwen
1,Vrouwen
1,Vrouwen
0,Mannen
2,Volwassenen
0,Mannen
1,Vrouwen
2,Volwassenen
1,Vrouwen
2,Volwassenen
1,Vrouwen
1,Vrouwen
0,Mannen
1,Vrouwen
1,Vrouwen
95,Kinderen
1,Vrouwen
1,Vrouwen
1,Vrouwen
1,Vrouwen
1,Vrouwen
1,Vrouwen
517,
1,Vrouwen
517,
1,Vrouwen
1,Vrouwen
295,Meisje
1,Vrouwen
517,
517,
517,
517,
1,Vrouwen
0,Mannen
1,Vrouwen
0,Mannen
1,Vrouwen
1,Vrouwen
517,
2,Volwassenen
2,Volwassenen
2,Volwassenen
517,
517,
517,
235,Baby's
517,
517,
517,
2,Volwassenen
517,
0,Mannen
1,Vrouwen
1,Vrouwen
517,
517,
517,
517,
0,Mannen
1,Vrouwen
0,Mannen
0,Mannen
0,Mannen
517,
1,Vrouwen
1,Vrouwen
517,
517,
517,
517,
517,
2,Volwassenen
0,Mannen
2,Volwassenen
517,
517,
517,
1,Vrouwen
517,
517,
517,
0,Mannen
0,Mannen
1,Vrouwen
517,
1,Vrouwen
517,
0,Mannen
517,
517,
0,Mannen
517,
517,
517,
95,Kinderen
1,Vrouwen
1,Vrouwen
517,
0,Mannen
2,Volwassenen
517,
517,
517,
295,Meisje
517,
1,Vrouwen
295,Meisje
517,
0,Mannen
1,Vrouwen
1,Vrouwen
1,Vrouwen
517,
517,
0,Mannen
1,Vrouwen
95,Kinderen
95,Kinderen
0,Mannen
2,Volwassenen
2,Volwassenen
2,Volwassenen
2,Volwassenen
2,Volwassenen
2,Volwassenen
2,Volwassenen
2,Volwassenen
235,Baby's
2,Volwassenen
95,Kinderen
517,
517,
517,
517,
2,Volwassenen
517,
517,
1,Vrouwen
1,Vrouwen
517,
0,Mannen
0,Mannen
1,Vrouwen
517,
517,
95,Kinderen
2,Volwassenen
1,Vrouwen
517,
1,Vrouwen
9,Kantoor
2,Volwassenen
2,Volwassenen
1,Vrouwen
2,Volwassenen
1,Vrouwen
1,Vrouwen
1,Vrouwen
1,Vrouwen
1,Vrouwen
0,Mannen
0,Mannen
1,Vrouwen
2,Volwassenen
517,
2,Volwassenen
2,Volwassenen
1,Vrouwen
0,Mannen
1953,Jongen
1,Vrouwen
1,Vrouwen
1,Vrouwen
1,Vrouwen
2,Volwassenen
1,Vrouwen
1,Vrouwen
1,Vrouwen
1,Vrouwen
9,Kantoor
1,Vrouwen
9,Kantoor
0,Mannen
1,Vrouwen
1,Vrouwen
95,Kinderen
1,Vrouwen
1,Vrouwen
1,Vrouwen
1,Vrouwen
95,Kinderen
235,Baby's
235,Baby's
1,Vrouwen
235,Baby's
235,Baby's
235,Baby's
9,Kantoor
1,Vrouwen
2,Volwassenen
0,Mannen
1,Vrouwen
0,Mannen
1,Vrouwen
2,Volwassenen
1,Vrouwen
2,Volwassenen
2,Volwassenen
1,Vrouwen
2,Volwassenen
0,Mannen
2,Volwassenen
2,Volwassenen
2,Volwassenen
1,Vrouwen
95,Kinderen
2,Volwassenen
2,Volwassenen
2,Volwassenen
1,Vrouwen
2,Volwassenen
2,Volwassenen
517,
235,Baby's
2,Volwassenen
1,Vrouwen
2,Volwassenen
235,Baby's
2,Volwassenen
235,Baby's
0,Mannen
2,Volwassenen
517,
2,Volwassenen
95,Kinderen
0,Mannen
2,Volwassenen
1,Vrouwen
1,Vrouwen
0,Mannen
1953,Jongen
2,Volwassenen
2,Volwassenen
517,
2,Volwassenen
2,Volwassenen
95,Kinderen
2,Volwassenen
0,Mannen
95,Kinderen
2,Volwassenen
2,Volwassenen
2,Volwassenen
9,Kantoor
2,Volwassenen
1,Vrouwen
1,Vrouwen
1,Vrouwen
2,Volwassenen
517,
517,
517,
517,
2,Volwassenen
517,
517,
517,
517,
517,
517,
517,
517,
517,
517,
517,
517,
517,
517,
517,
517,
517,
517,
517,
517,
517,
517,
517,
517,
517,
517,
517,
517,
517,
517,
517,
517,
517,
517,
517,
517,
2,Volwassenen
517,
517,
517,
517,
517,
517,
517,
517,
517,
517,
517,
517,
517,
517,
517,
517,
517,
517,
517,
517,
517,
517,
517,
517,
517,
517,
517,
517,
517,
517,
517,
517,
517,
517,
517,
517,
517,
517,
517,
517,
517,
517,
517,
517,
517,
517,
517,
1,Vrouwen
517,
517,
517,
517,
517,
517,
517,
517,
517,
517,
517,
517,
517,
517,
517,
517,
517,
517,
517,
517,
517,
517,
517,
517,
517,
517,
517,
517,
517,
517,
517,
517,
517,
517,
517,
517,
517,
517,
517,
517,
517,
517,
517,
517,
517,
517,
517,
517,
517,
517,
1,Vrouwen
517,
517,
517,
517,
517,
517,
517,
517,
517,
517,
517,
517,
517,
517,
517,
517,
517,
517,
517,
517,
517,
517,
517,
517,
517,
517,
517,
517,
517,
517,
517,
517,
517,
517,
517,
517,
517,
517,
517,
517,
517,
517,
517,
517,
517,
517,
517,
517,
2,Volwassenen
517,
517,
517,
517,
517,
517,
517,
517,
517,
517,
517,
517,
517,
517,
517,
517,
517,
517,
517,
517,
517,
517,
517,
517,
517,
517,
517,
517,
517,
517,
517,
517,
517,
517,
517,
517,
517,
517,
517,
517,
517,
517,
517,
517,
517,
517,
517,
517,
517,
517,
517,
517,
517,
517,
517,
517,
517,
517,
0,Mannen
517,
517,
517,
517,
517,
517,
517,
517,
517,
517,
517,
517,
517,
517,
517,
517,
517,
517,
517,
517,
517,
1,Vrouwen
517,
517,
517,
517,
517,
517,
517,
517,
517,
517,
517,
517,
517,
517,
517,
1,Vrouwen
517,
517,
517,
517,
517,
517,
517,
517,
517,
517,
517,
517,
517,
517,
517,
517,
517,
517,
517,
1,Vrouwen
517,
0,Mannen
1,Vrouwen
517,
517,
517,
517,
517,
517,
517,
517,
517,
517,
517,
517,
517,
517,
517,
1,Vrouwen
517,
517,
517,
517,
517,
517,
517,
517,
517,
517,
517,
517,
517,
517,
517,
517,
517,
517,
517,
517,
517,
517,
517,
517,
517,
517,
517,
517,
517,
517,
517,
517,
517,
517,
517,
517,
517,
517,
517,
517,
517,
517,
517,
517,
517,
517,
517,
517,
517,
517,
517,
517,
517,
517,
517,
517,
517,
517,
517,
517,
95,Kinderen
517,
517,
517,
517,
517,
517,
517,
517,
517,
517,
517,
517,
517,
517,
517,
517,
517,
517,
517,
517,
517,
517,
517,
517,
517,
517,
517,
517,
517,
517,
517,
517,
517,
517,
517,
517,
517,
1,Vrouwen
517,
0,Mannen
517,
517,
517,
517,
517,
1,Vrouwen
517,
517,
517,
517,
517,
517,
517,
517,
517,
517,
517,
517,
517,
517,
517,
517,
517,
517,
517,
517,
517,
517,
517,
517,
517,
517,
517,
517,
517,
517,
517,
517,
517,
517,
517,
517,
517,
517,
517,
517,
517,
517,
517,
517,
517,
517,
517,
517,
517,
517,
517,
517,
517,
517,
517,
517,
517,
517,
517,
517,
517,
517,
517,
517,
517,
517,
517,
517,
517,
517,
517,
2,Volwassenen
517,
517,
517,
517,
517,
517,
517,
517,
517,
517,
517,
517,
517,
517,
517,
517,
517,
517,
517,
517,
517,
517,
517,
517,
517,
517,
517,
517,
517,
517,
517,
517,
517,
517,
517,
517,
517,
517,
517,
2,Volwassenen
2,Volwassenen
0,Mannen
2,Volwassenen
2,Volwassenen
2,Volwassenen
2,Volwassenen
95,Kinderen
517,
517,
517,
517,
0,Mannen
517,
517,
1,Vrouwen
517,
1,Vrouwen
0,Mannen
0,Mannen
0,Mannen
0,Mannen
517,
0,Mannen
0,Mannen
0,Mannen
0,Mannen
1,Vrouwen
0,Mannen
517,
1,Vrouwen
517,
517,
0,Mannen
0,Mannen
1,Vrouwen
1,Vrouwen
295,Meisje
517,
517,
295,Meisje
2,Volwassenen
517,
2,Volwassenen
0,Mannen
517,
0,Mannen
517,
2,Volwassenen
2,Volwassenen
2,Volwassenen
2,Volwassenen
2,Volwassenen
2,Volwassenen
2,Volwassenen
2,Volwassenen
2,Volwassenen
2,Volwassenen
2,Volwassenen
517,
2,Volwassenen
2,Volwassenen
2,Volwassenen
2,Volwassenen
2,Volwassenen
2,Volwassenen
517,
2,Volwassenen
2,Volwassenen
2,Volwassenen
517,
517,
2,Volwassenen
517,
2,Volwassenen
2,Volwassenen
2,Volwassenen
2,Volwassenen
517,
2,Volwassenen
2,Volwassenen
517,
517,
517,
517,
517,
517,
0,Mannen
1,Vrouwen
517,
0,Mannen
1,Vrouwen
1,Vrouwen
1,Vrouwen
2,Volwassenen
1,Vrouwen
2,Volwassenen
2,Volwassenen
0,Mannen
1,Vrouwen
517,
517,
1,Vrouwen
1,Vrouwen
517,
517,
517,
2,Volwassenen
0,Mannen
1,Vrouwen
0,Mannen
1,Vrouwen
1,Vrouwen
517,
2,Volwassenen
517,
517,
517,
1,Vrouwen
517,
517,
1,Vrouwen
517,
2,Volwassenen
517,
517,
1,Vrouwen
2,Volwassenen
517,
0,Mannen
517,
2,Volwassenen
517,
1,Vrouwen
1,Vrouwen
1,Vrouwen
95,Kinderen
1,Vrouwen
1953,Jongen
1,Vrouwen
1,Vrouwen
1,Vrouwen
1,Vrouwen
1,Vrouwen
517,
517,
517,
9,Kantoor
9,Kantoor
517,
9,Kantoor
1,Vrouwen
2,Volwassenen
1,Vrouwen
2,Volwassenen
1,Vrouwen
517,
2,Volwassenen
517,
517,
517,
517,
517,
517,
2,Volwassenen
95,Kinderen
2,Volwassenen
2,Volwassenen
517,
517,
1,Vrouwen
0,Mannen
517,
0,Mannen
517,
517,
1,Vrouwen
517,
0,Mannen
0,Mannen
1,Vrouwen
517,
0,Mannen
1,Vrouwen
517,
517,
1,Vrouwen
517,
2,Volwassenen
2,Volwassenen
517,
517,
517,
517,
517,
1,Vrouwen
517,
517,
517,
517,
517,
517,
517,
1,Vrouwen
517,
517,
517,
95,Kinderen
517,
517,
517,
517,
2,Volwassenen
2,Volwassenen
517,
1,Vrouwen
1,Vrouwen
517,
517,
1,Vrouwen
517,
95,Kinderen
2,Volwassenen
517,
517,
95,Kinderen
517,
95,Kinderen
517,
95,Kinderen
95,Kinderen
517,
95,Kinderen
517,
517,
517,
0,Mannen
1,Vrouwen
0,Mannen
1,Vrouwen
1,Vrouwen
1,Vrouwen
1,Vrouwen
1,Vrouwen
517,
517,
0,Mannen
517,
2,Volwassenen
517,
2,Volwassenen
517,
517,
517,
517,
1,Vrouwen
2,Volwassenen
1,Vrouwen
1,Vrouwen
1,Vrouwen
517,
1,Vrouwen
0,Mannen
1,Vrouwen
517,
517,
1,Vrouwen
517,
1,Vrouwen
1,Vrouwen
1,Vrouwen
1,Vrouwen
2,Volwassenen
1,Vrouwen
1,Vrouwen
2,Volwassenen
1,Vrouwen
1,Vrouwen
1,Vrouwen
0,Mannen
0,Mannen
0,Mannen
0,Mannen
2,Volwassenen
1,Vrouwen
0,Mannen
295,Meisje
0,Mannen
0,Mannen
517,
0,Mannen
1,Vrouwen
0,Mannen
1,Vrouwen
0,Mannen
0,Mannen
0,Mannen
1,Vrouwen
0,Mannen
0,Mannen
517,
517,
517,
1,Vrouwen
517,
517,
517,
517,
517,
517,
2,Volwassenen
517,
517,
517,
517,
2,Volwassenen
2,Volwassenen
95,Kinderen
0,Mannen
95,Kinderen
2,Volwassenen
1,Vrouwen
1,Vrouwen
2,Volwassenen
1,Vrouwen
1,Vrouwen
1,Vrouwen
517,
1,Vrouwen
1,Vrouwen
1,Vrouwen
1,Vrouwen
2,Volwassenen
1,Vrouwen
1,Vrouwen
1,Vrouwen
1,Vrouwen
1,Vrouwen
517,
0,Mannen
2,Volwassenen
1,Vrouwen
517,
1,Vrouwen
1,Vrouwen
517,
0,Mannen
1,Vrouwen
1,Vrouwen
2,Volwassenen
1,Vrouwen
1,Vrouwen
1,Vrouwen
1,Vrouwen
0,Mannen
517,
517,
517,
517,
517,
517,
295,Meisje
517,
517,
517,
517,
517,
517,
517,
517,
517,
517,
0,Mannen
517,
0,Mannen
0,Mannen
0,Mannen
2,Volwassenen
0,Mannen
2,Volwassenen
1,Vrouwen
1,Vrouwen
1,Vrouwen
517,
0,Mannen
2,Volwassenen
517,
0,Mannen
2,Volwassenen
517,
517,
517,
517,
2,Volwassenen
517,
517,
517,
2,Volwassenen
517,
517,
517,
517,
2,Volwassenen
0,Mannen
517,
517,
2,Volwassenen
2,Volwassenen
1,Vrouwen
517,
2,Volwassenen
517,
2,Volwassenen
517,
95,Kinderen
95,Kinderen
517,
0,Mannen
2,Volwassenen
517,
2,Volwassenen
0,Mannen
517,
2,Volwassenen
517,
517,
517,
517,
2,Volwassenen
517,
1,Vrouwen
1,Vrouwen
1,Vrouwen
1,Vrouwen
0,Mannen
1,Vrouwen
1,Vrouwen
295,Meisje
295,Meisje
1,Vrouwen
295,Meisje
0,Mannen
0,Mannen
295,Meisje
0,Mannen
517,
0,Mannen
1,Vrouwen
1,Vrouwen
1,Vrouwen
1,Vrouwen
295,Meisje
517,
517,
0,Mannen
295,Meisje
295,Meisje
517,
295,Meisje
1,Vrouwen
295,Meisje
517,
295,Meisje
517,
517,
295,Meisje
95,Kinderen
295,Meisje
295,Meisje
295,Meisje
517,
517,
517,
517,
517,
1,Vrouwen
295,Meisje
0,Mannen
2,Volwassenen
295,Meisje
517,
517,
517,
517,
517,
517,
517,
2,Volwassenen
1,Vrouwen
1,Vrouwen
1,Vrouwen
1,Vrouwen
517,
1,Vrouwen
1,Vrouwen
1,Vrouwen
1,Vrouwen
1,Vrouwen
1,Vrouwen
517,
1,Vrouwen
1,Vrouwen
517,
1,Vrouwen
1,Vrouwen
1,Vrouwen
1,Vrouwen
2,Volwassenen
1,Vrouwen
1,Vrouwen
517,
517,
2,Volwassenen
1,Vrouwen
517,
0,Mannen
517,
517,
517,
2,Volwassenen
517,
1,Vrouwen
517,
2,Volwassenen
517,
235,Baby's
2,Volwassenen
517,
517,
517,
517,
517,
517,
517,
1,Vrouwen
517,
517,
517,
517,
517,
517,
517,
517,
517,
517,
517,
517,
517,
517,
517,
517,
517,
517,
517,
517,
517,
517,
517,
517,
517,
517,
517,
517,
517,
517,
517,
517,
517,
517,
517,
517,
517,
517,
517,
517,
517,
517,
517,
517,
517,
517,
517,
517,
517,
517,
517,
517,
517,
517,
517,
517,
517,
517,
517,
517,
517,
517,
517,
517,
517,
517,
517,
517,
517,
517,
517,
517,
517,
517,
517,
517,
517,
517,
517,
517,
517,
517,
517,
517,
517,
517,
517,
517,
517,
517,
517,
517,
517,
517,
517,
517,
517,
517,
517,
517,
517,
517,
517,
517,
517,
517,
517,
517,
517,
517,
517,
0,Mannen
517,
517,
517,
517,
517,
517,
517,
517,
517,
517,
517,
517,
517,
517,
517,
517,
517,
517,
517,
517,
517,
2,Volwassenen
517,
517,
517,
517,
517,
517,
517,
517,
517,
517,
517,
517,
517,
517,
517,
517,
517,
517,
517,
0,Mannen
2,Volwassenen
0,Mannen
95,Kinderen
517,
0,Mannen
517,
0,Mannen
517,
517,
517,
517,
517,
517,
517,
517,
517,
517,
517,
0,Mannen
0,Mannen
517,
517,
0,Mannen
517,
517,
0,Mannen
517,
517,
517,
517,
517,
517,
517,
517,
2,Volwassenen
517,
517,
95,Kinderen
0,Mannen
517,
517,
0,Mannen
517,
517,
517,
517,
517,
517,
517,
517,
517,
517,
517,
517,
517,
517,
517,
517,
517,
517,
517,
517,
517,
517,
517,
517,
517,
517,
517,
517,
517,
517,
517,
517,
517,
1,Vrouwen
517,
517,
517,
517,
517,
517,
517,
1,Vrouwen
517,
517,
517,
517,
517,
517,
517,
517,
517,
517,
517,
517,
517,
517,
517,
517,
517,
517,
517,
517,
517,
517,
517,
517,
517,
517,
517,
517,
0,Mannen
0,Mannen
517,
517,
1,Vrouwen
517,
517,
517,
517,
517,
517,
517,
517,
517,
1,Vrouwen
517,
517,
517,
517,
517,
517,
517,
517,
517,
517,
517,
517,
517,
517,
517,
517,
517,
517,
517,
517,
517,
517,
517,
517,
517,
517,
517,
517,
517,
517,
517,
517,
517,
517,
517,
517,
517,
517,
517,
517,
517,
517,
517,
517,
517,
517,
517,
517,
517,
517,
517,
517,
517,
517,
517,
517,
517,
517,
517,
517,
517,
517,
517,
517,
517,
517,
517,
517,
517,
517,
517,
517,
517,
517,
517,
2,Volwassenen
95,Kinderen
517,
517,
2,Volwassenen
517,
517,
517,
517,
517,
517,
517,
517,
517,
517,
95,Kinderen
517,
517,
517,
517,
517,
517,
517,
517,
517,
517,
517,
517,
517,
517,
517,
517,
517,
517,
517,
517,
517,
517,
517,
517,
517,
517,
517,
517,
517,
517,
517,
517,
517,
517,
517,
517,
517,
517,
517,
517,
517,
517,
517,
517,
517,
517,
517,
517,
517,
517,
517,
517,
517,
517,
517,
517,
517,
517,
517,
517,
517,
517,
517,
517,
517,
517,
517,
517,
517,
517,
517,
517,
517,
517,
517,
517,
517,
517,
517,
517,
517,
517,
517,
517,
517,
517,
517,
517,
517,
517,
517,
517,
517,
517,
517,
517,
517,
517,
517,
517,
517,
517,
517,
517,
517,
517,
517,
517,
517,
517,
517,
517,
517,
517,
517,
517,
517,
517,
517,
517,
517,
517,
517,
517,
517,
517,
517,
517,
517,
517,
517,
517,
517,
517,
517,
517,
517,
517,
517,
517,
517,
517,
517,
517,
517,
517,
517,
517,
517,
517,
517,
517,
517,
517,
517,
517,
517,
517,
517,
517,
517,
517,
517,
517,
517,
517,
517,
517,
517,
517,
517,
517,
517,
517,
517,
517,
517,
517,
517,
517,
517,
517,
517,
517,
517,
517,
517,
517,
517,
517,
517,
517,
517,
517,
517,
517,
517,
517,
517,
517,
517,
517,
517,
517,
517,
517,
517,
517,
517,
517,
517,
517,
517,
517,
517,
517,
517,
517,
517,
517,
517,
517,
517,
517,
517,
517,
517,
517,
517,
517,
517,
517,
517,
517,
517,
517,
517,
1,Vrouwen
517,
517,
517,
517,
517,
517,
517,
517,
517,
517,
517,
517,
517,
517,
517,
517,
517,
517,
517,
517,
517,
517,
517,
517,
517,
517,
517,
517,
517,
517,
517,
517,
1,Vrouwen
517,
517,
517,
517,
517,
517,
517,
517,
517,
517,
517,
517,
517,
517,
517,
517,
517,
517,
517,
517,
517,
517,
517,
517,
517,
517,
517,
517,
517,
517,
517,
517,
517,
517,
517,
517,
517,
517,
1,Vrouwen
1,Vrouwen
517,
517,
517,
517,
517,
517,
517,
517,
517,
517,
517,
517,
517,
517,
517,
517,
517,
517,
517,
517,
517,
517,
517,
517,
517,
517,
517,
517,
517,
517,
517,
517,
517,
517,
517,
517,
517,
517,
517,
517,
517,
517,
517,
517,
517,
517,
517,
517,
517,
517,
517,
517,
517,
517,
517,
517,
517,
517,
517,
517,
517,
517,
517,
517,
517,
517,
517,
517,
517,
517,
517,
517,
517,
517,
1,Vrouwen
517,
517,
517,
517,
517,
517,
517,
517,
517,
517,
517,
517,
517,
517,
517,
517,
517,
517,
517,
517,
517,
517,
517,
517,
517,
517,
517,
517,
517,
517,
517,
517,
517,
517,
517,
517,
517,
517,
517,
517,
517,
0,Mannen
517,
517,
517,
517,
517,
517,
517,
517,
517,
517,
517,
517,
517,
1,Vrouwen
517,
517,
517,
517,
517,
517,
517,
517,
517,
517,
517,
517,
517,
517,
517,
517,
517,
517,
517,
517,
517,
517,
517,
517,
517,
517,
517,
517,
517,
517,
517,
1,Vrouwen
517,
517,
517,
517,
517,
517,
517,
517,
517,
517,
517,
517,
517,
517,
517,
517,
2,Volwassenen
517,
517,
517,
517,
517,
517,
517,
517,
517,
517,
517,
517,
1,Vrouwen
517,
517,
517,
517,
517,
517,
517,
517,
517,
1,Vrouwen
517,
517,
517,
0,Mannen
517,
517,
517,
517,
0,Mannen
517,
517,
517,
517,
517,
517,
517,
517,
95,Kinderen
517,
517,
235,Baby's
517,
517,
517,
517,
517,
517,
517,
517,
517,
1,Vrouwen
517,
1,Vrouwen
517,
517,
517,
2,Volwassenen
517,
517,
517,
517,
517,
517,
517,
517,
517,
517,
517,
517,
517,
517,
517,
517,
517,
517,
517,
517,
517,
517,
517,
517,
517,
517,
1,Vrouwen
1,Vrouwen
517,
517,
517,
517,
517,
517,
517,
517,
517,
517,
517,
517,
517,
517,
517,
1,Vrouwen
517,
1,Vrouwen
517,
517,
517,
517,
517,
517,
517,
517,
517,
517,
517,
517,
517,
517,
517,
517,
517,
517,
517,
517,
517,
517,
517,
517,
517,
517,
517,
517,
517,
517,
517,
517,
517,
517,
517,
517,
1,Vrouwen
517,
517,
1,Vrouwen
517,
517,
517,
517,
517,
517,
1,Vrouwen
517,
517,
517,
517,
517,
517,
517,
517,
517,
517,
517,
517,
517,
517,
517,
517,
0,Mannen
1,Vrouwen
517,
517,
517,
2,Volwassenen
517,
517,
517,
517,
1,Vrouwen
517,
517,
517,
517,
517,
517,
517,
517,
517,
517,
517,
517,
517,
517,
517,
517,
517,
517,
517,
517,
517,
517,
517,
517,
517,
517,
517,
517,
517,
517,
517,
517,
517,
517,
0,Mannen
0,Mannen
2,Volwassenen
517,
2,Volwassenen
2,Volwassenen
1,Vrouwen
2,Volwassenen
1,Vrouwen
1,Vrouwen
1,Vrouwen
2,Volwassenen
1,Vrouwen
2,Volwassenen
0,Mannen
0,Mannen
2,Volwassenen
0,Mannen
2,Volwassenen
2,Volwassenen
2,Volwassenen
1,Vrouwen
2,Volwassenen
2,Volwassenen
1,Vrouwen
2,Volwassenen
1,Vrouwen
1,Vrouwen
1,Vrouwen
2,Volwassenen
1,Vrouwen
2,Volwassenen
1,Vrouwen
2,Volwassenen
1,Vrouwen
1,Vrouwen
2,Volwassenen
1,Vrouwen
1,Vrouwen
1,Vrouwen
1,Vrouwen
1,Vrouwen
1,Vrouwen
1,Vrouwen
1,Vrouwen
1,Vrouwen
1,Vrouwen
1,Vrouwen
1,Vrouwen
1,Vrouwen
1,Vrouwen
1,Vrouwen
2,Volwassenen
1,Vrouwen
2,Volwassenen
1,Vrouwen
0,Mannen
2,Volwassenen
2,Volwassenen
2,Volwassenen
0,Mannen
0,Mannen
2,Volwassenen
1,Vrouwen
2,Volwassenen
0,Mannen
0,Mannen
0,Mannen
2,Volwassenen
0,Mannen
0,Mannen
2,Volwassenen
2,Volwassenen
2,Volwassenen
0,Mannen
2,Volwassenen
0,Mannen
95,Kinderen
2,Volwassenen
95,Kinderen
1,Vrouwen
0,Mannen
1,Vrouwen
2,Volwassenen
2,Volwassenen
0,Mannen
0,Mannen
0,Mannen
2,Volwassenen
2,Volwassenen
0,Mannen
0,Mannen
0,Mannen
0,Mannen
2,Volwassenen
0,Mannen
0,Mannen
0,Mannen
1,Vrouwen
1,Vrouwen
2,Volwassenen
2,Volwassenen
2,Volwassenen
2,Volwassenen
2,Volwassenen
2,Volwassenen
0,Mannen
1953,Jongen
0,Mannen
517,
0,Mannen
1,Vrouwen
1,Vrouwen
2,Volwassenen
235,Baby's
1,Vrouwen
1,Vrouwen
2,Volwassenen
1,Vrouwen
1,Vrouwen
2,Volwassenen
2,Volwassenen
2,Volwassenen
2,Volwassenen
2,Volwassenen
2,Volwassenen
1,Vrouwen
2,Volwassenen
2,Volwassenen
2,Volwassenen
1,Vrouwen
1,Vrouwen
2,Volwassenen
2,Volwassenen
2,Volwassenen
0,Mannen
1,Vrouwen
1,Vrouwen
0,Mannen
0,Mannen
2,Volwassenen
95,Kinderen
9,Kantoor
2,Volwassenen
2,Volwassenen
9,Kantoor
2,Volwassenen
235,Baby's
2,Volwassenen
2,Volwassenen
2,Volwassenen
95,Kinderen
2,Volwassenen
95,Kinderen
95,Kinderen
1,Vrouwen
2,Volwassenen
95,Kinderen
1,Vrouwen
2,Volwassenen
9,Kantoor
2,Volwassenen
9,Kantoor
1,Vrouwen
9,Kantoor
2,Volwassenen
1,Vrouwen
0,Mannen
0,Mannen
0,Mannen
9,Kantoor
9,Kantoor
1,Vrouwen
295,Meisje
1,Vrouwen
1,Vrouwen
1,Vrouwen
1,Vrouwen
1,Vrouwen
1,Vrouwen
1,Vrouwen
1,Vrouwen
2,Volwassenen
2,Volwassenen
2,Volwassenen
1,Vrouwen
2,Volwassenen
1,Vrouwen
1,Vrouwen
1,Vrouwen
1,Vrouwen
0,Mannen
1,Vrouwen
1,Vrouwen
1,Vrouwen
1,Vrouwen
95,Kinderen
235,Baby's
2,Volwassenen
235,Baby's
235,Baby's
2,Volwassenen
235,Baby's
1,Vrouwen
235,Baby's
235,Baby's
235,Baby's
1,Vrouwen
235,Baby's
1,Vrouwen
1,Vrouwen
2,Volwassenen
2,Volwassenen
1,Vrouwen
2,Volwassenen
1953,Jongen
2,Volwassenen
2,Volwassenen
235,Baby's
235,Baby's
235,Baby's
235,Baby's
235,Baby's
235,Baby's
235,Baby's
235,Baby's
235,Baby's
235,Baby's
235,Baby's
235,Baby's
235,Baby's
235,Baby's
235,Baby's
235,Baby's
235,Baby's
235,Baby's
235,Baby's
235,Baby's
235,Baby's
235,Baby's
235,Baby's
235,Baby's
235,Baby's
235,Baby's
235,Baby's
235,Baby's
235,Baby's
235,Baby's
235,Baby's
235,Baby's
235,Baby's
295,Meisje
295,Meisje
235,Baby's
295,Meisje
295,Meisje
295,Meisje
295,Meisje
295,Meisje
295,Meisje
295,Meisje
0,Mannen
295,Meisje
295,Meisje
0,Mannen
2,Volwassenen
2,Volwassenen
0,Mannen
2,Volwassenen
2,Volwassenen
2,Volwassenen
2,Volwassenen
2,Volwassenen
2,Volwassenen
2,Volwassenen
2,Volwassenen
2,Volwassenen
0,Mannen
0,Mannen
95,Kinderen
2,Volwassenen
0,Mannen
2,Volwassenen
0,Mannen
2,Volwassenen
1,Vrouwen
1,Vrouwen
1,Vrouwen
2,Volwassenen
1,Vrouwen
1,Vrouwen
1,Vrouwen
1,Vrouwen
1,Vrouwen
1,Vrouwen
0,Mannen
0,Mannen
0,Mannen
0,Mannen
0,Mannen
0,Mannen
0,Mannen
0,Mannen
0,Mannen
0,Mannen
0,Mannen
0,Mannen
0,Mannen
0,Mannen
0,Mannen
0,Mannen
0,Mannen
0,Mannen
0,Mannen
0,Mannen
0,Mannen
0,Mannen
0,Mannen
0,Mannen
0,Mannen
0,Mannen
0,Mannen
0,Mannen
0,Mannen
95,Kinderen
2,Volwassenen
2,Volwassenen
1,Vrouwen
0,Mannen
1,Vrouwen
2,Volwassenen
1,Vrouwen
0,Mannen
0,Mannen
1,Vrouwen
95,Kinderen
1,Vrouwen
95,Kinderen
0,Mannen
2,Volwassenen
1,Vrouwen
1,Vrouwen
1,Vrouwen
0,Mannen
1,Vrouwen
1,Vrouwen
2,Volwassenen
1,Vrouwen
2,Volwassenen
9,Kantoor
1,Vrouwen
0,Mannen
2,Volwassenen
2,Volwassenen
2,Volwassenen
2,Volwassenen
2,Volwassenen
1,Vrouwen
1,Vrouwen
1,Vrouwen
1,Vrouwen
1,Vrouwen
1,Vrouwen
2,Volwassenen
0,Mannen
1,Vrouwen
95,Kinderen
2,Volwassenen
2,Volwassenen
1,Vrouwen
1,Vrouwen
0,Mannen
517,
0,Mannen
0,Mannen
517,
0,Mannen
2,Volwassenen
2,Volwassenen
235,Baby's
235,Baby's
0,Mannen
1,Vrouwen
1,Vrouwen
1,Vrouwen
1,Vrouwen
0,Mannen
2,Volwassenen
2,Volwassenen
2,Volwassenen
2,Volwassenen
9,Kantoor
9,Kantoor
1,Vrouwen
9,Kantoor
235,Baby's
1,Vrouwen
2,Volwassenen
295,Meisje
235,Baby's
1,Vrouwen
1,Vrouwen
1,Vrouwen
2,Volwassenen
2,Volwassenen
2,Volwassenen
2,Volwassenen
2,Volwassenen
2,Volwassenen
2,Volwassenen
2,Volwassenen
2,Volwassenen
2,Volwassenen
2,Volwassenen
2,Volwassenen
295,Meisje
295,Meisje
2,Volwassenen
2,Volwassenen
295,Meisje
295,Meisje
1,Vrouwen
2,Volwassenen
2,Volwassenen
2,Volwassenen
2,Volwassenen
2,Volwassenen
2,Volwassenen
2,Volwassenen
2,Volwassenen
1,Vrouwen
0,Mannen
95,Kinderen
95,Kinderen
95,Kinderen
95,Kinderen
2,Volwassenen
2,Volwassenen
2,Volwassenen
0,Mannen
1,Vrouwen
295,Meisje
295,Meisje
9,Kantoor
9,Kantoor
9,Kantoor
0,Mannen
2,Volwassenen
1,Vrouwen
1,Vrouwen
1,Vrouwen
1,Vrouwen
2,Volwassenen
2,Volwassenen
2,Volwassenen
0,Mannen
2,Volwassenen
1,Vrouwen
2,Volwassenen
2,Volwassenen
1,Vrouwen
0,Mannen
2,Volwassenen
1,Vrouwen
2,Volwassenen
1,Vrouwen
2,Volwassenen
2,Volwassenen
2,Volwassenen
2,Volwassenen
2,Volwassenen
2,Volwassenen
2,Volwassenen
2,Volwassenen
2,Volwassenen
2,Volwassenen
2,Volwassenen
2,Volwassenen
2,Volwassenen
2,Volwassenen
2,Volwassenen
1,Vrouwen
2,Volwassenen
2,Volwassenen
0,Mannen
235,Baby's
2,Volwassenen
2,Volwassenen
2,Volwassenen
2,Volwassenen
1,Vrouwen
1,Vrouwen
2,Volwassenen
2,Volwassenen
2,Volwassenen
2,Volwassenen
2,Volwassenen
2,Volwassenen
0,Mannen
0,Mannen
0,Mannen
0,Mannen
0,Mannen
1,Vrouwen
0,Mannen
95,Kinderen
95,Kinderen
517,
95,Kinderen
517,
1,Vrouwen
517,
517,
517,
95,Kinderen
517,
517,
517,
517,
517,
517,
517,
517,
517,
517,
517,
517,
517,
517,
517,
517,
517,
517,
517,
517,
517,
517,
517,
517,
517,
517,
517,
517,
517,
517,
517,
1,Vrouwen
517,
517,
517,
517,
517,
517,
517,
517,
517,
517,
517,
517,
517,
517,
1,Vrouwen
517,
517,
517,
517,
517,
517,
517,
517,
517,
517,
517,
1,Vrouwen
517,
517,
517,
517,
517,
517,
517,
517,
517,
517,
517,
517,
517,
517,
517,
517,
517,
517,
517,
517,
517,
517,
517,
517,
517,
517,
517,
517,
517,
517,
517,
517,
517,
517,
0,Mannen
517,
517,
517,
517,
517,
517,
517,
1,Vrouwen
517,
517,
1,Vrouwen
517,
517,
517,
517,
517,
517,
517,
1,Vrouwen
517,
517,
517,
517,
517,
517,
517,
517,
517,
517,
517,
517,
517,
517,
517,
517,
517,
517,
517,
517,
517,
517,
517,
517,
517,
517,
517,
517,
517,
517,
517,
517,
517,
517,
517,
517,
517,
517,
517,
517,
517,
517,
517,
517,
517,
517,
517,
517,
517,
517,
517,
517,
517,
517,
95,Kinderen
517,
517,
517,
517,
517,
517,
517,
517,
517,
517,
517,
517,
517,
517,
517,
517,
0,Mannen
517,
517,
517,
517,
517,
517,
1,Vrouwen
517,
1,Vrouwen
517,
517,
517,
517,
517,
517,
517,
517,
517,
517,
1,Vrouwen
517,
95,Kinderen
517,
0,Mannen
517,
517,
517,
517,
517,
517,
517,
517,
517,
517,
517,
517,
517,
517,
517,
517,
0,Mannen
517,
517,
1,Vrouwen
517,
1,Vrouwen
517,
517,
517,
517,
517,
517,
517,
517,
0,Mannen
517,
517,
517,
517,
517,
517,
517,
517,
517,
517,
517,
517,
517,
517,
517,
517,
517,
517,
517,
517,
517,
0,Mannen
517,
517,
517,
517,
517,
1,Vrouwen
517,
517,
517,
517,
517,
517,
517,
517,
517,
517,
517,
517,
517,
517,
517,
517,
517,
517,
517,
517,
517,
517,
517,
517,
517,
517,
517,
517,
517,
517,
517,
517,
517,
517,
517,
517,
517,
517,
517,
517,
517,
1,Vrouwen
517,
517,
95,Kinderen
517,
517,
517,
517,
517,
517,
517,
517,
517,
517,
517,
517,
517,
517,
517,
517,
517,
517,
517,
517,
517,
95,Kinderen
517,
517,
517,
517,
517,
517,
517,
517,
517,
517,
517,
517,
517,
517,
517,
517,
517,
517,
517,
517,
517,
517,
517,
517,
517,
517,
517,
517,
517,
517,
1,Vrouwen
1,Vrouwen
517,
517,
517,
517,
517,
2,Volwassenen
2,Volwassenen
517,
0,Mannen
517,
2,Volwassenen
517,
0,Mannen
517,
0,Mannen
517,
517,
517,
517,
517,
517,
517,
517,
517,
517,
517,
517,
517,
517,
517,
0,Mannen
517,
517,
517,
517,
517,
1,Vrouwen
1,Vrouwen
517,
517,
517,
1,Vrouwen
517,
517,
517,
517,
95,Kinderen
517,
517,
0,Mannen
517,
517,
517,
0,Mannen
517,
517,
517,
517,
517,
517,
517,
517,
517,
517,
517,
517,
517,
517,
517,
517,
517,
517,
517,
517,
517,
517,
517,
517,
517,
517,
517,
517,
517,
517,
517,
517,
517,
517,
517,
517,
517,
517,
517,
517,
517,
517,
517,
517,
517,
517,
517,
517,
95,Kinderen
95,Kinderen
517,
517,
95,Kinderen
95,Kinderen
95,Kinderen
95,Kinderen
95,Kinderen
95,Kinderen
517,
95,Kinderen
95,Kinderen
95,Kinderen
95,Kinderen
95,Kinderen
95,Kinderen
95,Kinderen
95,Kinderen
1,Vrouwen
95,Kinderen
95,Kinderen
2,Volwassenen
95,Kinderen
235,Baby's
2,Volwassenen
2,Volwassenen
2,Volwassenen
2,Volwassenen
95,Kinderen
2,Volwassenen
1,Vrouwen
95,Kinderen
2,Volwassenen
1,Vrouwen
235,Baby's
0,Mannen
0,Mannen
0,Mannen
0,Mannen
1,Vrouwen
1,Vrouwen
1,Vrouwen
1,Vrouwen
2,Volwassenen
95,Kinderen
295,Meisje
2,Volwassenen
1953,Jongen
95,Kinderen
2,Volwassenen
95,Kinderen
2,Volwassenen
2,Volwassenen
0,Mannen
1,Vrouwen
2,Volwassenen
1,Vrouwen
2,Volwassenen
2,Volwassenen
1,Vrouwen
295,Meisje
295,Meisje
1,Vrouwen
1,Vrouwen
1,Vrouwen
1,Vrouwen
1,Vrouwen
295,Meisje
1,Vrouwen
2,Volwassenen
2,Volwassenen
0,Mannen
2,Volwassenen
0,Mannen
517,
517,
517,
517,
2,Volwassenen
517,
517,
517,
517,
517,
517,
517,
517,
517,
517,
517,
517,
0,Mannen
517,
517,
517,
517,
517,
517,
517,
517,
517,
517,
517,
517,
517,
517,
517,
517,
517,
517,
517,
517,
2,Volwassenen
1,Vrouwen
517,
517,
517,
517,
517,
517,
1,Vrouwen
517,
517,
517,
517,
517,
517,
517,
517,
517,
517,
517,
517,
517,
517,
517,
517,
517,
517,
517,
517,
517,
517,
517,
517,
517,
517,
517,
517,
517,
517,
517,
517,
517,
517,
0,Mannen
517,
517,
517,
517,
517,
517,
517,
517,
517,
517,
517,
517,
517,
517,
517,
517,
517,
517,
517,
517,
517,
517,
517,
517,
517,
517,
517,
517,
517,
517,
517,
517,
1,Vrouwen
517,
2,Volwassenen
517,
517,
517,
517,
517,
517,
517,
517,
517,
517,
517,
517,
517,
517,
517,
517,
517,
517,
517,
0,Mannen
517,
95,Kinderen
517,
0,Mannen
517,
517,
517,
517,
517,
517,
517,
517,
95,Kinderen
517,
2,Volwassenen
517,
517,
1,Vrouwen
517,
517,
1,Vrouwen
517,
517,
517,
517,
517,
517,
517,
517,
517,
517,
517,
517,
517,
517,
517,
517,
517,
517,
517,
517,
517,
517,
517,
517,
517,
517,
517,
517,
517,
517,
517,
517,
517,
517,
517,
517,
517,
517,
517,
517,
517,
517,
517,
517,
517,
517,
517,
517,
517,
95,Kinderen
517,
517,
517,
517,
517,
517,
517,
517,
517,
0,Mannen
517,
517,
517,
517,
517,
517,
517,
517,
517,
517,
517,
517,
517,
517,
517,
517,
517,
517,
517,
517,
517,
517,
517,
0,Mannen
517,
517,
517,
517,
517,
517,
517,
517,
517,
517,
517,
517,
517,
517,
517,
517,
517,
517,
517,
0,Mannen
517,
517,
517,
517,
0,Mannen
517,
517,
0,Mannen
0,Mannen
517,
0,Mannen
0,Mannen
517,
0,Mannen
0,Mannen
0,Mannen
517,
0,Mannen
0,Mannen
0,Mannen
517,
517,
517,
517,
517,
517,
517,
517,
517,
517,
517,
517,
517,
517,
517,
517,
517,
517,
517,
517,
517,
517,
517,
517,
517,
517,
517,
517,
517,
517,
517,
517,
517,
517,
517,
517,
517,
1,Vrouwen
2,Volwassenen
517,
517,
517,
517,
517,
517,
517,
517,
517,
517,
95,Kinderen
517,
517,
517,
517,
517,
517,
517,
517,
517,
517,
517,
517,
517,
517,
517,
517,
517,
517,
517,
517,
517,
517,
517,
517,
517,
517,
517,
517,
517,
517,
517,
517,
517,
517,
517,
517,
517,
517,
517,
517,
517,
517,
517,
517,
517,
517,
517,
517,
517,
517,
517,
95,Kinderen
95,Kinderen
517,
517,
517,
517,
517,
517,
517,
517,
517,
517,
517,
517,
517,
517,
517,
517,
517,
517,
517,
517,
517,
517,
517,
517,
517,
517,
517,
517,
517,
517,
517,
517,
517,
517,
517,
517,
517,
517,
517,
517,
517,
517,
517,
517,
517,
517,
517,
517,
517,
517,
517,
517,
517,
517,
517,
517,
517,
517,
517,
517,
517,
517,
517,
517,
1,Vrouwen
517,
1,Vrouwen
1,Vrouwen
517,
517,
517,
1,Vrouwen
517,
517,
517,
517,
517,
517,
517,
517,
517,
517,
517,
517,
517,
517,
517,
517,
517,
517,
517,
517,
517,
517,
517,
517,
517,
517,
517,
517,
517,
517,
1,Vrouwen
517,
517,
517,
517,
517,
517,
517,
517,
517,
517,
1,Vrouwen
517,
517,
517,
517,
517,
517,
517,
517,
517,
517,
517,
517,
517,
517,
517,
517,
517,
517,
517,
517,
517,
517,
517,
517,
517,
517,
517,
517,
517,
517,
517,
517,
517,
517,
517,
517,
517,
517,
517,
517,
517,
517,
517,
517,
517,
2,Volwassenen
2,Volwassenen
2,Volwassenen
1,Vrouwen
95,Kinderen
95,Kinderen
95,Kinderen
1,Vrouwen
1,Vrouwen
2,Volwassenen
0,Mannen
2,Volwassenen
1,Vrouwen
2,Volwassenen
0,Mannen
235,Baby's
1,Vrouwen
1,Vrouwen
0,Mannen
1,Vrouwen
1,Vrouwen
2,Volwassenen
2,Volwassenen
2,Volwassenen
1,Vrouwen
2,Volwassenen
2,Volwassenen
2,Volwassenen
2,Volwassenen
1,Vrouwen
1,Vrouwen
2,Volwassenen
1,Vrouwen
1,Vrouwen
2,Volwassenen
1,Vrouwen
1,Vrouwen
1,Vrouwen
1,Vrouwen
1,Vrouwen
0,Mannen
1,Vrouwen
1,Vrouwen
1,Vrouwen
1,Vrouwen
1,Vrouwen
1,Vrouwen
1,Vrouwen
1,Vrouwen
1,Vrouwen
1,Vrouwen
1,Vrouwen
1,Vrouwen
1,Vrouwen
1,Vrouwen
1,Vrouwen
95,Kinderen
1,Vrouwen
1,Vrouwen
95,Kinderen
95,Kinderen
95,Kinderen
95,Kinderen
95,Kinderen
1,Vrouwen
95,Kinderen
95,Kinderen
95,Kinderen
95,Kinderen
95,Kinderen
95,Kinderen
95,Kinderen
95,Kinderen
95,Kinderen
95,Kinderen
95,Kinderen
95,Kinderen
95,Kinderen
95,Kinderen
1,Vrouwen
1,Vrouwen
1,Vrouwen
95,Kinderen
2,Volwassenen
95,Kinderen
0,Mannen
235,Baby's
2,Volwassenen
2,Volwassenen
95,Kinderen
235,Baby's
2,Volwassenen
2,Volwassenen
2,Volwassenen
2,Volwassenen
2,Volwassenen
2,Volwassenen
2,Volwassenen
2,Volwassenen
2,Volwassenen
2,Volwassenen
2,Volwassenen
2,Volwassenen
2,Volwassenen
2,Volwassenen
2,Volwassenen
2,Volwassenen
2,Volwassenen
2,Volwassenen
2,Volwassenen
2,Volwassenen
2,Volwassenen
2,Volwassenen
2,Volwassenen
2,Volwassenen
2,Volwassenen
2,Volwassenen
2,Volwassenen
2,Volwassenen
2,Volwassenen
2,Volwassenen
2,Volwassenen
2,Volwassenen
2,Volwassenen
2,Volwassenen
2,Volwassenen
2,Volwassenen
2,Volwassenen
2,Volwassenen
2,Volwassenen
2,Volwassenen
2,Volwassenen
235,Baby's
2,Volwassenen
2,Volwassenen
2,Volwassenen
235,Baby's
2,Volwassenen
2,Volwassenen
2,Volwassenen
2,Volwassenen
235,Baby's
8066,Mannen/vrouwen
2,Volwassenen
2,Volwassenen
2,Volwassenen
2,Volwassenen
2,Volwassenen
2,Volwassenen
2,Volwassenen
2,Volwassenen
2,Volwassenen
235,Baby's
235,Baby's
235,Baby's
2,Volwassenen
2,Volwassenen
2,Volwassenen
2,Volwassenen
235,Baby's
2,Volwassenen
235,Baby's
2,Volwassenen
2,Volwassenen
2,Volwassenen
0,Mannen
1,Vrouwen
2,Volwassenen
1,Vrouwen
0,Mannen
1,Vrouwen
235,Baby's
235,Baby's
1,Vrouwen
1,Vrouwen
2,Volwassenen
235,Baby's
2,Volwassenen
1,Vrouwen
1,Vrouwen
1,Vrouwen
2,Volwassenen
235,Baby's
0,Mannen
1,Vrouwen
1,Vrouwen
0,Mannen
0,Mannen
1,Vrouwen
2,Volwassenen
0,Mannen
2,Volwassenen
1,Vrouwen
1,Vrouwen
95,Kinderen
0,Mannen
0,Mannen
1,Vrouwen
0,Mannen
0,Mannen
0,Mannen
95,Kinderen
95,Kinderen
95,Kinderen
95,Kinderen
95,Kinderen
1,Vrouwen
0,Mannen
95,Kinderen
0,Mannen
0,Mannen
235,Baby's
95,Kinderen
1,Vrouwen
1,Vrouwen
1,Vrouwen
0,Mannen
235,Baby's
95,Kinderen
1,Vrouwen
1,Vrouwen
95,Kinderen
95,Kinderen
0,Mannen
95,Kinderen
2,Volwassenen
95,Kinderen
235,Baby's
295,Meisje
2,Volwassenen
2,Volwassenen
1,Vrouwen
1,Vrouwen
1,Vrouwen
1,Vrouwen
1,Vrouwen
1,Vrouwen
1,Vrouwen
1,Vrouwen
2,Volwassenen
0,Mannen
1,Vrouwen
0,Mannen
0,Mannen
1,Vrouwen
517,
0,Mannen
517,
517,
95,Kinderen
0,Mannen
2,Volwassenen
1,Vrouwen
0,Mannen
95,Kinderen
2,Volwassenen
0,Mannen
2,Volwassenen
2,Volwassenen
2,Volwassenen
2,Volwassenen
2,Volwassenen
2,Volwassenen
0,Mannen
2,Volwassenen
1,Vrouwen
2,Volwassenen
2,Volwassenen
2,Volwassenen
2,Volwassenen
95,Kinderen
2,Volwassenen
0,Mannen
95,Kinderen
2,Volwassenen
2,Volwassenen
0,Mannen
1,Vrouwen
2,Volwassenen
1,Vrouwen
1,Vrouwen
1,Vrouwen
1,Vrouwen
1,Vrouwen
1,Vrouwen
2,Volwassenen
2,Volwassenen
2,Volwassenen
1,Vrouwen
0,Mannen
1,Vrouwen
2,Volwassenen
95,Kinderen
95,Kinderen
95,Kinderen
95,Kinderen
95,Kinderen
95,Kinderen
95,Kinderen
0,Mannen
95,Kinderen
95,Kinderen
2,Volwassenen
2,Volwassenen
2,Volwassenen
95,Kinderen
2,Volwassenen
2,Volwassenen
95,Kinderen
95,Kinderen
0,Mannen
1,Vrouwen
0,Mannen
0,Mannen
2,Volwassenen
1,Vrouwen
1,Vrouwen
2,Volwassenen
0,Mannen
2,Volwassenen
1,Vrouwen
2,Volwassenen
0,Mannen
1,Vrouwen
0,Mannen
2,Volwassenen
1,Vrouwen
1,Vrouwen
1,Vrouwen
1,Vrouwen
0,Mannen
1,Vrouwen
517,
0,Mannen
1,Vrouwen
0,Mannen
95,Kinderen
0,Mannen
1,Vrouwen
2,Volwassenen
0,Mannen
95,Kinderen
517,
1,Vrouwen
2,Volwassenen
0,Mannen
295,Meisje
1,Vrouwen
0,Mannen
2,Volwassenen
2,Volwassenen
1,Vrouwen
0,Mannen
2,Volwassenen
2,Volwassenen
2,Volwassenen
2,Volwassenen
1,Vrouwen
2,Volwassenen
1,Vrouwen
0,Mannen
2,Volwassenen
1,Vrouwen
2,Volwassenen
0,Mannen
2,Volwassenen
1,Vrouwen
0,Mannen
0,Mannen
95,Kinderen
1,Vrouwen
0,Mannen
235,Baby's
2,Volwassenen
295,Meisje
517,
295,Meisje
517,
1,Vrouwen
2,Volwassenen
0,Mannen
0,Mannen
95,Kinderen
0,Mannen
2,Volwassenen
2,Volwassenen
2,Volwassenen
2,Volwassenen
1,Vrouwen
95,Kinderen
0,Mannen
295,Meisje
295,Meisje
2,Volwassenen
295,Meisje
2,Volwassenen
295,Meisje
295,Meisje
1,Vrouwen
2,Volwassenen
1,Vrouwen
2,Volwassenen
1,Vrouwen
295,Meisje
1,Vrouwen
295,Meisje
1,Vrouwen
1,Vrouwen
295,Meisje
95,Kinderen
235,Baby's
2,Volwassenen
2,Volwassenen
95,Kinderen
2,Volwassenen
0,Mannen
0,Mannen
0,Mannen
2,Volwassenen
2,Volwassenen
2,Volwassenen
0,Mannen
1,Vrouwen
235,Baby's
0,Mannen
0,Mannen
2,Volwassenen
0,Mannen
1,Vrouwen
1,Vrouwen
2,Volwassenen
2,Volwassenen
2,Volwassenen
2,Volwassenen
2,Volwassenen
2,Volwassenen
2,Volwassenen
2,Volwassenen
2,Volwassenen
2,Volwassenen
235,Baby's
0,Mannen
235,Baby's
0,Mannen
2,Volwassenen
0,Mannen
0,Mannen
2,Volwassenen
0,Mannen
0,Mannen
0,Mannen
0,Mannen
1,Vrouwen
95,Kinderen
0,Mannen
0,Mannen
1,Vrouwen
1,Vrouwen
1,Vrouwen
1,Vrouwen
1,Vrouwen
1,Vrouwen
1,Vrouwen
1,Vrouwen
1,Vrouwen
1,Vrouwen
1,Vrouwen
1,Vrouwen
1,Vrouwen
1,Vrouwen
1,Vrouwen
1,Vrouwen
1,Vrouwen
95,Kinderen
2,Volwassenen
1,Vrouwen
2,Volwassenen
235,Baby's
0,Mannen
1,Vrouwen
235,Baby's
1,Vrouwen
1,Vrouwen
1,Vrouwen
1,Vrouwen
1,Vrouwen
1,Vrouwen
1,Vrouwen
1,Vrouwen
1,Vrouwen
1,Vrouwen
1,Vrouwen
1,Vrouwen
1,Vrouwen
1,Vrouwen
1,Vrouwen
1,Vrouwen
0,Mannen
1,Vrouwen
1,Vrouwen
1,Vrouwen
1,Vrouwen
1,Vrouwen
1,Vrouwen
0,Mannen
1,Vrouwen
1,Vrouwen
1,Vrouwen
1,Vrouwen
1,Vrouwen
1,Vrouwen
1,Vrouwen
95,Kinderen
1,Vrouwen
9,Kantoor
1,Vrouwen
1,Vrouwen
9,Kantoor
2,Volwassenen
1,Vrouwen
1,Vrouwen
2,Volwassenen
2,Volwassenen
2,Volwassenen
2,Volwassenen
2,Volwassenen
1,Vrouwen
0,Mannen
2,Volwassenen
2,Volwassenen
2,Volwassenen
2,Volwassenen
235,Baby's
2,Volwassenen
0,Mannen
2,Volwassenen
2,Volwassenen
517,
2,Volwassenen
2,Volwassenen
2,Volwassenen
2,Volwassenen
95,Kinderen
2,Volwassenen
2,Volwassenen
2,Volwassenen
95,Kinderen
0,Mannen
2,Volwassenen
2,Volwassenen
0,Mannen
0,Mannen
0,Mannen
0,Mannen
0,Mannen
0,Mannen
0,Mannen
0,Mannen
0,Mannen
0,Mannen
0,Mannen
0,Mannen
0,Mannen
0,Mannen
0,Mannen
0,Mannen
95,Kinderen
0,Mannen
0,Mannen
0,Mannen
95,Kinderen
0,Mannen
2,Volwassenen
2,Volwassenen
2,Volwassenen
2,Volwassenen
2,Volwassenen
2,Volwassenen
2,Volwassenen
2,Volwassenen
2,Volwassenen
1,Vrouwen
0,Mannen
2,Volwassenen
2,Volwassenen
2,Volwassenen
0,Mannen
2,Volwassenen
2,Volwassenen
2,Volwassenen
2,Volwassenen
2,Volwassenen
1,Vrouwen
2,Volwassenen
1,Vrouwen
1,Vrouwen
1,Vrouwen
2,Volwassenen
2,Volwassenen
1,Vrouwen
1,Vrouwen
1,Vrouwen
1,Vrouwen
1,Vrouwen
1,Vrouwen
2,Volwassenen
2,Volwassenen
235,Baby's
2,Volwassenen
1,Vrouwen
1,Vrouwen
2,Volwassenen
2,Volwassenen
2,Volwassenen
2,Volwassenen
0,Mannen
0,Mannen
0,Mannen
1,Vrouwen
1,Vrouwen
1,Vrouwen
1,Vrouwen
1,Vrouwen
0,Mannen
1,Vrouwen
1,Vrouwen
0,Mannen
0,Mannen
0,Mannen
1,Vrouwen
1,Vrouwen
0,Mannen
1,Vrouwen
1,Vrouwen
2,Volwassenen
1,Vrouwen
2,Volwassenen
1,Vrouwen
1,Vrouwen
1,Vrouwen
1,Vrouwen
95,Kinderen
2,Volwassenen
2,Volwassenen
1,Vrouwen
0,Mannen
1,Vrouwen
1,Vrouwen
0,Mannen
2,Volwassenen
1,Vrouwen
1,Vrouwen
1,Vrouwen
1,Vrouwen
235,Baby's
235,Baby's
2,Volwassenen
2,Volwassenen
0,Mannen
2,Volwassenen
1,Vrouwen
1,Vrouwen
2,Volwassenen
2,Volwassenen
2,Volwassenen
517,
95,Kinderen
2,Volwassenen
2,Volwassenen
517,
2,Volwassenen
0,Mannen
2,Volwassenen
0,Mannen
1,Vrouwen
1,Vrouwen
0,Mannen
2,Volwassenen
2,Volwassenen
2,Volwassenen
95,Kinderen
1,Vrouwen
0,Mannen
235,Baby's
2,Volwassenen
2,Volwassenen
0,Mannen
0,Mannen
1,Vrouwen
1,Vrouwen
235,Baby's
2,Volwassenen
2,Volwassenen
2,Volwassenen
95,Kinderen
1,Vrouwen
95,Kinderen
2,Volwassenen
2,Volwassenen
95,Kinderen
2,Volwassenen
2,Volwassenen
95,Kinderen
1,Vrouwen
95,Kinderen
2,Volwassenen
0,Mannen
2,Volwassenen
2,Volwassenen
95,Kinderen
1,Vrouwen
0,Mannen
95,Kinderen
95,Kinderen
235,Baby's
0,Mannen
0,Mannen
2,Volwassenen
2,Volwassenen
2,Volwassenen
2,Volwassenen
0,Mannen
2,Volwassenen
0,Mannen
0,Mannen
0,Mannen
0,Mannen
2,Volwassenen
0,Mannen
0,Mannen
1,Vrouwen
0,Mannen
2,Volwassenen
0,Mannen
1,Vrouwen
2,Volwassenen
235,Baby's
2,Volwassenen
2,Volwassenen
2,Volwassenen
2,Volwassenen
2,Volwassenen
2,Volwassenen
2,Volwassenen
2,Volwassenen
2,Volwassenen
2,Volwassenen
2,Volwassenen
2,Volwassenen
2,Volwassenen
2,Volwassenen
1,Vrouwen
2,Volwassenen
2,Volwassenen
235,Baby's
235,Baby's
235,Baby's
2,Volwassenen
235,Baby's
1,Vrouwen
1,Vrouwen
2,Volwassenen
2,Volwassenen
2,Volwassenen
1,Vrouwen
2,Volwassenen
2,Volwassenen
2,Volwassenen
1,Vrouwen
2,Volwassenen
2,Volwassenen
0,Mannen
1,Vrouwen
1,Vrouwen
1,Vrouwen
2,Volwassenen
1,Vrouwen
2,Volwassenen
0,Mannen
2,Volwassenen
0,Mannen
0,Mannen
2,Volwassenen
0,Mannen
2,Volwassenen
0,Mannen
2,Volwassenen
2,Volwassenen
0,Mannen
1,Vrouwen
0,Mannen
0,Mannen
0,Mannen
0,Mannen
0,Mannen
95,Kinderen
0,Mannen
0,Mannen
95,Kinderen
235,Baby's
235,Baby's
2,Volwassenen
95,Kinderen
2,Volwassenen
95,Kinderen
2,Volwassenen
2,Volwassenen
2,Volwassenen
95,Kinderen
95,Kinderen
95,Kinderen
95,Kinderen
95,Kinderen
517,
95,Kinderen
95,Kinderen
235,Baby's
235,Baby's
235,Baby's
2,Volwassenen
2,Volwassenen
2,Volwassenen
2,Volwassenen
0,Mannen
1,Vrouwen
1,Vrouwen
0,Mannen
0,Mannen
1,Vrouwen
1,Vrouwen
2,Volwassenen
1,Vrouwen
2,Volwassenen
1,Vrouwen
235,Baby's
2,Volwassenen
517,
2,Volwassenen
1,Vrouwen
0,Mannen
517,
2,Volwassenen
1,Vrouwen
1,Vrouwen
95,Kinderen
2,Volwassenen
1,Vrouwen
1,Vrouwen
1,Vrouwen
2,Volwassenen
2,Volwassenen
1,Vrouwen
1,Vrouwen
1953,Jongen
1,Vrouwen
1,Vrouwen
1,Vrouwen
1,Vrouwen
1,Vrouwen
2,Volwassenen
1,Vrouwen
1,Vrouwen
1,Vrouwen
2,Volwassenen
2,Volwassenen
1,Vrouwen
2,Volwassenen
2,Volwassenen
2,Volwassenen
2,Volwassenen
2,Volwassenen
2,Volwassenen
2,Volwassenen
2,Volwassenen
2,Volwassenen
0,Mannen
2,Volwassenen
2,Volwassenen
1,Vrouwen
1,Vrouwen
2,Volwassenen
1,Vrouwen
1,Vrouwen
1,Vrouwen
1,Vrouwen
1,Vrouwen
1,Vrouwen
1,Vrouwen
1,Vrouwen
1,Vrouwen
1,Vrouwen
1,Vrouwen
1,Vrouwen
1,Vrouwen
1,Vrouwen
1,Vrouwen
1,Vrouwen
1,Vrouwen
1,Vrouwen
1,Vrouwen
1,Vrouwen
1,Vrouwen
1,Vrouwen
1,Vrouwen
1,Vrouwen
1,Vrouwen
1,Vrouwen
1,Vrouwen
1,Vrouwen
1,Vrouwen
1,Vrouwen
1,Vrouwen
1,Vrouwen
1,Vrouwen
1,Vrouwen
1,Vrouwen
1,Vrouwen
1,Vrouwen
1,Vrouwen
1,Vrouwen
1,Vrouwen
1,Vrouwen
1,Vrouwen
1,Vrouwen
1,Vrouwen
1,Vrouwen
1,Vrouwen
235,Baby's
95,Kinderen
517,
2,Volwassenen
2,Volwassenen
2,Volwassenen
2,Volwassenen
2,Volwassenen
2,Volwassenen
2,Volwassenen
2,Volwassenen
1,Vrouwen
95,Kinderen
2,Volwassenen
1,Vrouwen
1,Vrouwen
9,Kantoor
1953,Jongen
95,Kinderen
95,Kinderen
95,Kinderen
95,Kinderen
95,Kinderen
95,Kinderen
1953,Jongen
95,Kinderen
1953,Jongen
95,Kinderen
95,Kinderen
2,Volwassenen
2,Volwassenen
1953,Jongen
9,Kantoor
95,Kinderen
2,Volwassenen
95,Kinderen
2,Volwassenen
1953,Jongen
9,Kantoor
0,Mannen
0,Mannen
1,Vrouwen
0,Mannen
95,Kinderen
235,Baby's
0,Mannen
9,Kantoor
0,Mannen
0,Mannen
2,Volwassenen
235,Baby's
2,Volwassenen
9,Kantoor
2,Volwassenen
0,Mannen
235,Baby's
0,Mannen
95,Kinderen
0,Mannen
0,Mannen
95,Kinderen
0,Mannen
95,Kinderen
0,Mannen
95,Kinderen
0,Mannen
0,Mannen
95,Kinderen
95,Kinderen
0,Mannen
95,Kinderen
0,Mannen
95,Kinderen
1,Vrouwen
1,Vrouwen
0,Mannen
2,Volwassenen
0,Mannen
95,Kinderen
95,Kinderen
95,Kinderen
0,Mannen
0,Mannen
95,Kinderen
95,Kinderen
0,Mannen
0,Mannen
1,Vrouwen
1,Vrouwen
1,Vrouwen
95,Kinderen
95,Kinderen
0,Mannen
1,Vrouwen
1,Vrouwen
1,Vrouwen
0,Mannen
1,Vrouwen
0,Mannen
1,Vrouwen
1,Vrouwen
1,Vrouwen
1,Vrouwen
0,Mannen
1,Vrouwen
1,Vrouwen
0,Mannen
1,Vrouwen
235,Baby's
0,Mannen
2,Volwassenen
235,Baby's
235,Baby's
2,Volwassenen
2,Volwassenen
9,Kantoor
0,Mannen
95,Kinderen
2,Volwassenen
1,Vrouwen
1,Vrouwen
1,Vrouwen
1,Vrouwen
1,Vrouwen
2,Volwassenen
1,Vrouwen
2,Volwassenen
2,Volwassenen
1,Vrouwen
2,Volwassenen
2,Volwassenen
2,Volwassenen
2,Volwassenen
2,Volwassenen
2,Volwassenen
2,Volwassenen
2,Volwassenen
2,Volwassenen
2,Volwassenen
2,Volwassenen
2,Volwassenen
1,Vrouwen
0,Mannen
517,
2,Volwassenen
1,Vrouwen
2,Volwassenen
2,Volwassenen
2,Volwassenen
1,Vrouwen
1,Vrouwen
1,Vrouwen
1,Vrouwen
1,Vrouwen
1,Vrouwen
1,Vrouwen
1,Vrouwen
1,Vrouwen
1,Vrouwen
2,Volwassenen
1,Vrouwen
2,Volwassenen
1,Vrouwen
0,Mannen
1,Vrouwen
2,Volwassenen
517,
2,Volwassenen
235,Baby's
0,Mannen
0,Mannen
0,Mannen
0,Mannen
0,Mannen
235,Baby's
1,Vrouwen
1,Vrouwen
1,Vrouwen
95,Kinderen
95,Kinderen
0,Mannen
235,Baby's
517,
1953,Jongen
517,
1953,Jongen
95,Kinderen
295,Meisje
95,Kinderen
95,Kinderen
95,Kinderen
295,Meisje
295,Meisje
1953,Jongen
1953,Jongen
1,Vrouwen
0,Mannen
0,Mannen
2,Volwassenen
295,Meisje
295,Meisje
295,Meisje
0,Mannen
295,Meisje
295,Meisje
295,Meisje
295,Meisje
295,Meisje
295,Meisje
295,Meisje
0,Mannen
0,Mannen
0,Mannen
95,Kinderen
95,Kinderen
1953,Jongen
95,Kinderen
95,Kinderen
95,Kinderen
95,Kinderen
95,Kinderen
95,Kinderen
95,Kinderen
95,Kinderen
0,Mannen
0,Mannen
95,Kinderen
0,Mannen
0,Mannen
2,Volwassenen
0,Mannen
95,Kinderen
0,Mannen
95,Kinderen
95,Kinderen
295,Meisje
2,Volwassenen
95,Kinderen
0,Mannen
95,Kinderen
2,Volwassenen
2,Volwassenen
2,Volwassenen
0,Mannen
2,Volwassenen
95,Kinderen
0,Mannen
9,Kantoor
0,Mannen
0,Mannen
0,Mannen
0,Mannen
95,Kinderen
95,Kinderen
2,Volwassenen
95,Kinderen
95,Kinderen
95,Kinderen
9,Kantoor
9,Kantoor
9,Kantoor
9,Kantoor
9,Kantoor
95,Kinderen
9,Kantoor
9,Kantoor
9,Kantoor
9,Kantoor
2,Volwassenen
2,Volwassenen
1,Vrouwen
2,Volwassenen
2,Volwassenen
2,Volwassenen
2,Volwassenen
2,Volwassenen
2,Volwassenen
2,Volwassenen
1,Vrouwen
0,Mannen
2,Volwassenen
2,Volwassenen
2,Volwassenen
2,Volwassenen
2,Volwassenen
0,Mannen
2,Volwassenen
9,Kantoor
9,Kantoor
9,Kantoor
9,Kantoor
9,Kantoor
2,Volwassenen
2,Volwassenen
295,Meisje
1,Vrouwen
1,Vrouwen
1,Vrouwen
1,Vrouwen
1,Vrouwen
2,Volwassenen
1,Vrouwen
1,Vrouwen
2,Volwassenen
1,Vrouwen
1,Vrouwen
235,Baby's
2,Volwassenen
1,Vrouwen
95,Kinderen
2,Volwassenen
2,Volwassenen
1,Vrouwen
1,Vrouwen
1,Vrouwen
1,Vrouwen
1,Vrouwen
1,Vrouwen
1,Vrouwen
1,Vrouwen
1,Vrouwen
95,Kinderen
95,Kinderen
1,Vrouwen
95,Kinderen
95,Kinderen
1,Vrouwen
1,Vrouwen
1,Vrouwen
1,Vrouwen
1,Vrouwen
1,Vrouwen
1,Vrouwen
1,Vrouwen
1,Vrouwen
1,Vrouwen
1,Vrouwen
1,Vrouwen
1,Vrouwen
1,Vrouwen
95,Kinderen
1,Vrouwen
1,Vrouwen
1,Vrouwen
1,Vrouwen
1,Vrouwen
1,Vrouwen
1,Vrouwen
1,Vrouwen
1,Vrouwen
1,Vrouwen
1,Vrouwen
1,Vrouwen
1,Vrouwen
1,Vrouwen
1,Vrouwen
1,Vrouwen
1,Vrouwen
1,Vrouwen
1,Vrouwen
1,Vrouwen
1,Vrouwen
1,Vrouwen
1,Vrouwen
1,Vrouwen
1,Vrouwen
1,Vrouwen
1,Vrouwen
1,Vrouwen
1,Vrouwen
1,Vrouwen
1,Vrouwen
1,Vrouwen
1,Vrouwen
1,Vrouwen
1,Vrouwen
1,Vrouwen
1,Vrouwen
1,Vrouwen
1,Vrouwen
1,Vrouwen
1,Vrouwen
1,Vrouwen
1,Vrouwen
1,Vrouwen
1,Vrouwen
1,Vrouwen
1,Vrouwen
1,Vrouwen
1,Vrouwen
1,Vrouwen
1,Vrouwen
1,Vrouwen
1,Vrouwen
1,Vrouwen
1,Vrouwen
1,Vrouwen
1,Vrouwen
1,Vrouwen
1,Vrouwen
1,Vrouwen
1,Vrouwen
1,Vrouwen
1,Vrouwen
1,Vrouwen
1,Vrouwen
1,Vrouwen
1,Vrouwen
1,Vrouwen
1,Vrouwen
1,Vrouwen
1,Vrouwen
1,Vrouwen
1,Vrouwen
1,Vrouwen
1,Vrouwen
1,Vrouwen
1,Vrouwen
1,Vrouwen
1,Vrouwen
1,Vrouwen
1,Vrouwen
1,Vrouwen
1,Vrouwen
1,Vrouwen
1,Vrouwen
1,Vrouwen
1,Vrouwen
1,Vrouwen
1,Vrouwen
1,Vrouwen
1,Vrouwen
1,Vrouwen
1,Vrouwen
1,Vrouwen
1,Vrouwen
1,Vrouwen
1,Vrouwen
1,Vrouwen
1,Vrouwen
1,Vrouwen
1,Vrouwen
1,Vrouwen
1,Vrouwen
1,Vrouwen
1,Vrouwen
1,Vrouwen
1,Vrouwen
1,Vrouwen
1,Vrouwen
1,Vrouwen
1,Vrouwen
1,Vrouwen
1,Vrouwen
1,Vrouwen
1,Vrouwen
1,Vrouwen
1,Vrouwen
1,Vrouwen
1,Vrouwen
1,Vrouwen
1,Vrouwen
1,Vrouwen
1,Vrouwen
1,Vrouwen
1,Vrouwen
1,Vrouwen
1,Vrouwen
1,Vrouwen
1,Vrouwen
1,Vrouwen
1,Vrouwen
1,Vrouwen
1,Vrouwen
1,Vrouwen
1,Vrouwen
1,Vrouwen
1,Vrouwen
1,Vrouwen
1,Vrouwen
1,Vrouwen
1,Vrouwen
1,Vrouwen
1,Vrouwen
1,Vrouwen
1,Vrouwen
1,Vrouwen
1,Vrouwen
1,Vrouwen
1,Vrouwen
1,Vrouwen
95,Kinderen
1,Vrouwen
2,Volwassenen
2,Volwassenen
2,Volwassenen
0,Mannen
2,Volwassenen
2,Volwassenen
2,Volwassenen
0,Mannen
2,Volwassenen
1,Vrouwen
235,Baby's
1,Vrouwen
1,Vrouwen
1,Vrouwen
1,Vrouwen
1,Vrouwen
1,Vrouwen
2,Volwassenen
1,Vrouwen
1,Vrouwen
1,Vrouwen
1,Vrouwen
1,Vrouwen
1,Vrouwen
1,Vrouwen
1,Vrouwen
295,Meisje
295,Meisje
1,Vrouwen
295,Meisje
295,Meisje
295,Meisje
295,Meisje
295,Meisje
295,Meisje
2,Volwassenen
2,Volwassenen
0,Mannen
0,Mannen
0,Mannen
0,Mannen
2,Volwassenen
2,Volwassenen
2,Volwassenen
2,Volwassenen
1,Vrouwen
2,Volwassenen
2,Volwassenen
2,Volwassenen
2,Volwassenen
235,Baby's
2,Volwassenen
517,
2,Volwassenen
2,Volwassenen
2,Volwassenen
0,Mannen
0,Mannen
0,Mannen
2,Volwassenen
517,
517,
0,Mannen
0,Mannen
0,Mannen
0,Mannen
0,Mannen
0,Mannen
0,Mannen
517,
0,Mannen
0,Mannen
0,Mannen
0,Mannen
0,Mannen
0,Mannen
0,Mannen
0,Mannen
0,Mannen
0,Mannen
0,Mannen
0,Mannen
0,Mannen
0,Mannen
0,Mannen
0,Mannen
0,Mannen
0,Mannen
0,Mannen
0,Mannen
0,Mannen
0,Mannen
0,Mannen
0,Mannen
0,Mannen
0,Mannen
0,Mannen
0,Mannen
517,
2,Volwassenen
2,Volwassenen
517,
2,Volwassenen
1,Vrouwen
1,Vrouwen
1,Vrouwen
2,Volwassenen
2,Volwassenen
235,Baby's
1,Vrouwen
2,Volwassenen
2,Volwassenen
2,Volwassenen
2,Volwassenen
2,Volwassenen
2,Volwassenen
2,Volwassenen
2,Volwassenen
2,Volwassenen
2,Volwassenen
2,Volwassenen
2,Volwassenen
2,Volwassenen
2,Volwassenen
2,Volwassenen
2,Volwassenen
2,Volwassenen
2,Volwassenen
1,Vrouwen
0,Mannen
2,Volwassenen
235,Baby's
235,Baby's
235,Baby's
235,Baby's
235,Baby's
235,Baby's
235,Baby's
235,Baby's
2,Volwassenen
2,Volwassenen
95,Kinderen
95,Kinderen
95,Kinderen
95,Kinderen
95,Kinderen
95,Kinderen
95,Kinderen
2,Volwassenen
2,Volwassenen
95,Kinderen
1,Vrouwen
2,Volwassenen
235,Baby's
235,Baby's
2,Volwassenen
1,Vrouwen
2,Volwassenen
0,Mannen
0,Mannen
2,Volwassenen
235,Baby's
0,Mannen
0,Mannen
1,Vrouwen
95,Kinderen
1,Vrouwen
517,
1,Vrouwen
1,Vrouwen
517,
517,
517,
1,Vrouwen
1,Vrouwen
1,Vrouwen
1,Vrouwen
517,
1,Vrouwen
517,
1,Vrouwen
517,
1,Vrouwen
517,
1,Vrouwen
1,Vrouwen
517,
1,Vrouwen
1,Vrouwen
1,Vrouwen
1,Vrouwen
1,Vrouwen
2,Volwassenen
2,Volwassenen
2,Volwassenen
2,Volwassenen
1,Vrouwen
2,Volwassenen
2,Volwassenen
95,Kinderen
0,Mannen
2,Volwassenen
0,Mannen
0,Mannen
0,Mannen
0,Mannen
0,Mannen
0,Mannen
0,Mannen
2,Volwassenen
0,Mannen
0,Mannen
0,Mannen
1,Vrouwen
1,Vrouwen
1,Vrouwen
1,Vrouwen
0,Mannen
1,Vrouwen
1,Vrouwen
1,Vrouwen
1,Vrouwen
1,Vrouwen
1,Vrouwen
1,Vrouwen
1,Vrouwen
2,Volwassenen
2,Volwassenen
0,Mannen
2,Volwassenen
2,Volwassenen
2,Volwassenen
1953,Jongen
517,
2,Volwassenen
1953,Jongen
2,Volwassenen
0,Mannen
295,Meisje
1953,Jongen
295,Meisje
0,Mannen
95,Kinderen
95,Kinderen
295,Meisje
95,Kinderen
295,Meisje
295,Meisje
295,Meisje
295,Meisje
295,Meisje
95,Kinderen
95,Kinderen
95,Kinderen
2,Volwassenen
95,Kinderen
2,Volwassenen
2,Volwassenen
2,Volwassenen
2,Volwassenen
517,
2,Volwassenen
0,Mannen
1,Vrouwen
1,Vrouwen
2,Volwassenen
1,Vrouwen
1,Vrouwen
1,Vrouwen
1,Vrouwen
1,Vrouwen
1,Vrouwen
1,Vrouwen
1,Vrouwen
1,Vrouwen
1,Vrouwen
1,Vrouwen
1,Vrouwen
1,Vrouwen
1,Vrouwen
1,Vrouwen
1,Vrouwen
1,Vrouwen
1,Vrouwen
1,Vrouwen
1,Vrouwen
1,Vrouwen
1,Vrouwen
1,Vrouwen
1,Vrouwen
1,Vrouwen
1,Vrouwen
1,Vrouwen
1,Vrouwen
1,Vrouwen
1,Vrouwen
1,Vrouwen
1,Vrouwen
0,Mannen
1,Vrouwen
0,Mannen
1,Vrouwen
2,Volwassenen
2,Volwassenen
2,Volwassenen
2,Volwassenen
95,Kinderen
2,Volwassenen
235,Baby's
0,Mannen
2,Volwassenen
95,Kinderen
95,Kinderen
0,Mannen
0,Mannen
1,Vrouwen
0,Mannen
235,Baby's
2,Volwassenen
1,Vrouwen
2,Volwassenen
2,Volwassenen
2,Volwassenen
2,Volwassenen
95,Kinderen
95,Kinderen
235,Baby's
95,Kinderen
95,Kinderen
235,Baby's
2,Volwassenen
1,Vrouwen
2,Volwassenen
2,Volwassenen
2,Volwassenen
2,Volwassenen
1,Vrouwen
2,Volwassenen
0,Mannen
2,Volwassenen
517,
1,Vrouwen
1,Vrouwen
95,Kinderen
1,Vrouwen
517,
2,Volwassenen
1953,Jongen
2,Volwassenen
1,Vrouwen
1,Vrouwen
2,Volwassenen
2,Volwassenen
0,Mannen
2,Volwassenen
1,Vrouwen
0,Mannen
95,Kinderen
1,Vrouwen
2,Volwassenen
235,Baby's
235,Baby's
235,Baby's
235,Baby's
0,Mannen
235,Baby's
235,Baby's
235,Baby's
235,Baby's
517,
2,Volwassenen
2,Volwassenen
2,Volwassenen
235,Baby's
2,Volwassenen
2,Volwassenen
1,Vrouwen
235,Baby's
517,
2,Volwassenen
517,
2,Volwassenen
1,Vrouwen
235,Baby's
0,Mannen
235,Baby's
95,Kinderen
95,Kinderen
95,Kinderen
1,Vrouwen
235,Baby's
1,Vrouwen
2,Volwassenen
1,Vrouwen
2,Volwassenen
95,Kinderen
2,Volwassenen
2,Volwassenen
2,Volwassenen
2,Volwassenen
2,Volwassenen
1,Vrouwen
0,Mannen
0,Mannen
1,Vrouwen
1,Vrouwen
1,Vrouwen
2,Volwassenen
2,Volwassenen
0,Mannen
1,Vrouwen
2,Volwassenen
235,Baby's
1,Vrouwen
2,Volwassenen
1,Vrouwen
1,Vrouwen
2,Volwassenen
1,Vrouwen
2,Volwassenen
2,Volwassenen
1,Vrouwen
1,Vrouwen
517,
1,Vrouwen
1,Vrouwen
1,Vrouwen
2,Volwassenen
1,Vrouwen
2,Volwassenen
9,Kantoor
3239,50+
235,Baby's
2,Volwassenen
2,Volwassenen
2,Volwassenen
2,Volwassenen
2,Volwassenen
0,Mannen
235,Baby's
0,Mannen
0,Mannen
0,Mannen
0,Mannen
0,Mannen
95,Kinderen
95,Kinderen
0,Mannen
1,Vrouwen
1,Vrouwen
2,Volwassenen
1,Vrouwen
2,Volwassenen
1,Vrouwen
1,Vrouwen
2,Volwassenen
2,Volwassenen
0,Mannen
1,Vrouwen
0,Mannen
0,Mannen
2,Volwassenen
0,Mannen
95,Kinderen
0,Mannen
0,Mannen
95,Kinderen
0,Mannen
0,Mannen
0,Mannen
0,Mannen
2,Volwassenen
2,Volwassenen
2,Volwassenen
2,Volwassenen
2,Volwassenen
2,Volwassenen
517,
0,Mannen
517,
0,Mannen
0,Mannen
2,Volwassenen
2,Volwassenen
2,Volwassenen
2,Volwassenen
2,Volwassenen
2,Volwassenen
2,Volwassenen
517,
2,Volwassenen
2,Volwassenen
2,Volwassenen
517,
517,
95,Kinderen
517,
95,Kinderen
2,Volwassenen
95,Kinderen
95,Kinderen
1,Vrouwen
517,
2,Volwassenen
2,Volwassenen
1,Vrouwen
1,Vrouwen
1,Vrouwen
1,Vrouwen
1,Vrouwen
1,Vrouwen
1,Vrouwen
1,Vrouwen
1,Vrouwen
1,Vrouwen
1,Vrouwen
1,Vrouwen
1,Vrouwen
1,Vrouwen
1,Vrouwen
1,Vrouwen
1,Vrouwen
1,Vrouwen
1,Vrouwen
1,Vrouwen
1,Vrouwen
1,Vrouwen
1,Vrouwen
1,Vrouwen
1,Vrouwen
1,Vrouwen
1,Vrouwen
1,Vrouwen
1,Vrouwen
1,Vrouwen
1,Vrouwen
95,Kinderen
95,Kinderen
95,Kinderen
95,Kinderen
95,Kinderen
95,Kinderen
1,Vrouwen
2,Volwassenen
1,Vrouwen
2,Volwassenen
1,Vrouwen
2,Volwassenen
295,Meisje
0,Mannen
235,Baby's
1,Vrouwen
235,Baby's
1,Vrouwen
1,Vrouwen
235,Baby's
235,Baby's
235,Baby's
95,Kinderen
235,Baby's
235,Baby's
0,Mannen
235,Baby's
0,Mannen
235,Baby's
235,Baby's
235,Baby's
235,Baby's
235,Baby's
2,Volwassenen
235,Baby's
2,Volwassenen
235,Baby's
1,Vrouwen
1,Vrouwen
235,Baby's
2,Volwassenen
1,Vrouwen
2,Volwassenen
235,Baby's
1,Vrouwen
2,Volwassenen
2,Volwassenen
9,Kantoor
235,Baby's
2,Volwassenen
295,Meisje
295,Meisje
295,Meisje
1,Vrouwen
1,Vrouwen
1,Vrouwen
1,Vrouwen
1,Vrouwen
1,Vrouwen
1,Vrouwen
1,Vrouwen
1,Vrouwen
1,Vrouwen
1,Vrouwen
1,Vrouwen
1,Vrouwen
1,Vrouwen
1,Vrouwen
1,Vrouwen
1,Vrouwen
1,Vrouwen
1,Vrouwen
0,Mannen
1,Vrouwen
1,Vrouwen
1,Vrouwen
2,Volwassenen
1,Vrouwen
1,Vrouwen
1,Vrouwen
1,Vrouwen
1,Vrouwen
1,Vrouwen
1,Vrouwen
2,Volwassenen
2,Volwassenen
1,Vrouwen
0,Mannen
235,Baby's
235,Baby's
0,Mannen
517,
235,Baby's
1,Vrouwen
1,Vrouwen
235,Baby's
1,Vrouwen
1,Vrouwen
235,Baby's
1,Vrouwen
235,Baby's
0,Mannen
2,Volwassenen
1,Vrouwen
2,Volwassenen
2,Volwassenen
1,Vrouwen
1,Vrouwen
1,Vrouwen
2,Volwassenen
1,Vrouwen
2,Volwassenen
2,Volwassenen
2,Volwassenen
2,Volwassenen
0,Mannen
2,Volwassenen
2,Volwassenen
2,Volwassenen
2,Volwassenen
